01	Montevideo	-34.903280	-56.188160	1284699
02	Artigas	-30.598407	-57.020738	73945
03	Canelones	-34.645085	-55.924929	569454
04	Cerro Largo	-32.527889	-54.414909	86168
05	Colonia	-34.209361	-57.654331	125532
06	Durazno	-32.992953	-56.104670	58273
07	Flores	-33.589310	-56.934682	24588
08	Florida	-33.864917	-55.986940	63069
09	Lavalleja	-34.005017	-55.059557	54139
10	Maldonado	-34.794160	-55.044372	206954
11	Paysandú	-32.146376	-57.457640	117794
12	Río Negro	-32.746779	-57.622508	53790
13	Rivera	-32.046993	-55.441669	103705
14	Rocha	-34.103947	-54.039976	76811
15	Salto	-31.437285	-57.102426	129259
16	San José	-34.282055	-56.598720	107245
17	Soriano	-33.623608	-57.784580	78836
18	Tacuarembó	-32.222673	-55.962697	88401
19	Treinta y Tres	-33.156208	-54.409444	45529
