02020	Artigas	02	Artigas	-30.404310	-56.469260	43843	
02621	Baltasar Brum	02	Artigas	-30.719050	-57.325960	2728	
02021	Bella Unión	02	Artigas	-30.259660	-57.599190	16166	
02721	Bernabé Rivera	02	Artigas	-30.298300	-56.970470	389	
02925	Cainsa	02	Artigas	-30.387040	-57.615130	516	
02963	Calnu	02	Artigas	-30.598407	-57.020738	14	D
02959	Colonia Palma	02	Artigas	-30.584160	-57.677960	438	
02822	Coronado	02	Artigas	-30.297850	-57.611190	477	
02823	Cuareim	02	Artigas	-30.225190	-57.568020	1025	
02824	Cuaro	02	Artigas	-30.611740	-56.904550	85	
02934	Diego Lamas	02	Artigas	-30.755400	-57.054410	79	
02724	Franquia	02	Artigas	-30.212700	-57.592400	148	
02826	Javier de Viana	02	Artigas	-30.433140	-56.784890	170	
02827	La Bolsa	02	Artigas	-30.846140	-56.336600	9	
02833	Mones Quintela	02	Artigas	-30.598407	-57.020738	533	D
02927	Paso Campamento	02	Artigas	-30.789040	-56.781800	187	
02945	Paso Farías	02	Artigas	-30.598407	-57.020738	31	D
02830	Pintadito	02	Artigas	-30.432190	-56.456750	2412	
02831	Port. de Hierro Y Campodonico	02	Artigas	-30.273010	-57.563880	640	
02952	Rincón de Pacheco	02	Artigas	-30.705370	-56.162630	59	
02964	San Gregorio	02	Artigas	-32.616670	-55.833330	10	
02725	Sequeira	02	Artigas	-30.989200	-56.870440	1081	
02522	Tomás Gomensoro	02	Artigas	-30.428700	-57.436090	2775	
02957	Topador	02	Artigas	-30.297680	-56.820550	130	
03343	18 de Mayo	03	Canelones	-34.645085	-55.924929	22592	D
03721	Aguas Corrientes	03	Canelones	-34.521940	-56.393610	1154	
03921	Araminda	03	Canelones	-34.645085	-55.924929	494	D
03922	Argentino	03	Canelones	-34.792680	-55.454350	474	
03621	Atlántida	03	Canelones	-34.771900	-55.758400	8139	
03722	Barra de Carrasco	03	Canelones	-34.877220	-56.029720	6559	
03341	Barra de Pedrera	03	Canelones	-34.645085	-55.924929	116	D
03825	Barrio Copola	03	Canelones	-34.645085	-55.924929	838	D
03333	Barrio la Cinacina	03	Canelones	-34.645085	-55.924929	322	D
03988	Barrio Remanso	03	Canelones	-34.645085	-55.924929	172	D
03521	Barros Blancos	03	Canelones	-34.752400	-56.002590	35660	
03925	Bello Horizonte	03	Canelones	-34.770980	-55.640650	1132	
03926	Biarritz	03	Canelones	-34.791910	-55.513870	179	
03927	Bolívar	03	Canelones	-34.222390	-55.729560	185	
03928	Campo Militar	03	Canelones	-34.645085	-55.924929	286	D
03320	Canelones	03	Canelones	-34.523810	-56.282150	24185	
03929	Capilla de Cella	03	Canelones	-34.698860	-55.518910	122	
03994	Carmel	03	Canelones	-34.645085	-55.924929	293	D
03334	Carrasco del Sauce	03	Canelones	-34.645085	-55.924929	677	D
03345	Casahona	03	Canelones	-34.645085	-55.924929	0	D
03823	Castellanos	03	Canelones	-34.377720	-55.957310	786	
03340	Ceramicas Salinas	03	Canelones	-34.645085	-55.924929	43	D
03910	City Golf	03	Canelones	-34.645085	-55.924929	1822	D
03992	Colinas de Carrasco	03	Canelones	-34.645085	-55.924929	464	D
03987	Colinas de Solymar	03	Canelones	-34.803340	-55.959490	3349	
03523	Colonia Nicolich	03	Canelones	-34.815160	-56.024350	11582	
03826	Costa Azul	03	Canelones	-34.765240	-55.658800	1776	
03339	Costa de Pedernal	03	Canelones	-34.645085	-55.924929	81	D
03827	Costa Y Guillamon	03	Canelones	-34.645085	-55.924929	415	D
03934	Cruz de los Caminos	03	Canelones	-34.634560	-55.962900	255	
03935	Cuchilla Alta	03	Canelones	-34.791000	-55.499150	1000	
03335	Cuchilla de Sierra	03	Canelones	-34.645085	-55.924929	60	D
03338	Cuchilla Verde	03	Canelones	-34.645085	-55.924929	178	D
03325	Cumbres de Carrasco	03	Canelones	-34.645085	-55.924929	113	D
03630	Dr. Francisco Soca	03	Canelones	-34.684320	-55.702000	2094	
03939	El Bosque	03	Canelones	-34.837840	-55.973100	1138	
03336	El Colorado	03	Canelones	-34.645085	-55.924929	108	D
03970	El Galeon	03	Canelones	-34.645085	-55.924929	441	D
03347	El Monte	03	Canelones	-34.645085	-55.924929	0	D
03828	El Pinar	03	Canelones	-34.794830	-55.889460	27190	
03625	Empalme Olmos	03	Canelones	-34.697530	-55.892680	4921	
03622	Estación Atlántida	03	Canelones	-34.744790	-55.764200	2397	
03725	Estación la Floresta	03	Canelones	-34.734680	-55.685590	1463	
03829	Estación Migues	03	Canelones	-34.524280	-55.625060	128	
03942	Estación Pedrera	03	Canelones	-34.610290	-55.815300	194	
03969	Estación Piedras de Afilar	03	Canelones	-34.645085	-55.924929	51	D
03840	Estación Tapia	03	Canelones	-34.567680	-55.751130	330	
03912	Estanque de Pando	03	Canelones	-34.694400	-55.970630	843	
03943	Fortín de Santa Rosa	03	Canelones	-34.770830	-55.808090	583	
03530	Fracc. Cno. Andaluz Y R.84	03	Canelones	-34.645085	-55.924929	9560	D
03944	Fracc. Progreso	03	Canelones	-34.645085	-55.924929	140	D
03634	Fracc. Sobre Ruta 74	03	Canelones	-34.645085	-55.924929	1705	D
03986	Guazu - Vira	03	Canelones	-34.765500	-55.612610	607	
03326	Haras del Lago	03	Canelones	-34.645085	-55.924929	146	D
03330	Huerta de los Horneros	03	Canelones	-34.645085	-55.924929	189	D
03945	Instituto Adventista	03	Canelones	-34.645085	-55.924929	203	D
03913	Jardines de Pando	03	Canelones	-34.686100	-55.965600	819	
03946	Jaureguiberry	03	Canelones	-34.786060	-55.404550	942	
03524	Joaquín Suárez	03	Canelones	-34.735010	-56.034700	8353	
03723	Juanicó	03	Canelones	-34.594540	-56.253340	1453	
03995	La Asunción	03	Canelones	-34.645085	-55.924929	283	D
03346	La Cantera	03	Canelones	-34.645085	-55.924929	0	D
03724	La Floresta	03	Canelones	-34.755720	-55.681410	3146	
03332	La Horqueta	03	Canelones	-34.645085	-55.924929	19	D
03344	La Juana	03	Canelones	-34.645085	-55.924929	79	D
03948	La Lucha	03	Canelones	-34.645085	-55.924929	409	D
03949	La Montañesa	03	Canelones	-34.720000	-55.879720	731	
03321	La Paz	03	Canelones	-34.760310	-56.225900	19132	
03997	La Tahona	03	Canelones	-34.645085	-55.924929	1389	D
03985	La Tuna	03	Canelones	-34.780770	-55.561730	244	
03831	Lagomar	03	Canelones	-34.837680	-55.983200	8835	
03337	Las Brujas	03	Canelones	-34.688000	-56.403000	376	
03328	Las Higueritas	03	Canelones	-34.645085	-55.924929	133	D
03221	Las Piedras	03	Canelones	-34.730200	-56.219150	61246	
03726	Las Toscas	03	Canelones	-34.733330	-55.716670	5425	
03993	Lomas de Carrasco	03	Canelones	-34.645085	-55.924929	903	D
03953	Lomas de Solymar	03	Canelones	-34.645085	-55.924929	22525	D
03624	Los Cerrillos	03	Canelones	-34.605000	-56.356390	3564	
03348	Los Tilos	03	Canelones	-34.645085	-55.924929	0	D
03956	Los Titanes	03	Canelones	-34.779780	-55.566970	277	
03957	Marindia	03	Canelones	-34.774330	-55.824060	5359	
03626	Migues	03	Canelones	-34.487590	-55.627930	2555	
03999	Mirador de la Tahona	03	Canelones	-34.645085	-55.924929	781	D
03632	Montes	03	Canelones	-34.493390	-55.562190	1893	
03959	Neptunia	03	Canelones	-34.788370	-55.879990	9146	
03832	Olmos	03	Canelones	-34.697530	-55.892680	689	
03322	Pando	03	Canelones	-34.717160	-55.958400	31163	
03833	Parada Cabrera	03	Canelones	-34.623840	-56.254500	387	
03727	Parque Carrasco	03	Canelones	-34.858060	-56.009170	9171	
03627	Parque del Plata	03	Canelones	-34.758710	-55.720770	13142	
03024	Paso Carrasco	03	Canelones	-34.645085	-55.924929	17586	D
03962	Paso de la Cadena	03	Canelones	-34.442270	-56.148350	184	
03882	Paso de Pache	03	Canelones	-34.429100	-56.281850	61	
03914	Paso Espinosa	03	Canelones	-34.494280	-56.279240	335	
03966	Paso Palomeque	03	Canelones	-34.515910	-56.257830	106	
03968	Piedra del Toro	03	Canelones	-34.701080	-55.882780	334	
03324	Piedras de Afilar	03	Canelones	-34.741890	-55.518940	149	
03349	Pilar de los Horneros	03	Canelones	-34.645085	-55.924929	115	D
03830	Pinamar - Pinepark	03	Canelones	-34.645085	-55.924929	8727	D
03421	Progreso	03	Canelones	-34.667370	-56.217580	11540	
03327	Quinta los Horneros	03	Canelones	-34.645085	-55.924929	11	D
03996	Quintas del Bosque	03	Canelones	-34.645085	-55.924929	102	D
03729	Salinas	03	Canelones	-34.777310	-55.839540	11700	
03730	San Antonio	03	Canelones	-34.451300	-56.080360	2039	
03628	San Bautista	03	Canelones	-34.440160	-55.958610	2163	
03629	San Jacinto	03	Canelones	-34.544650	-55.871510	5586	
03633	San José de Carrasco	03	Canelones	-34.645085	-55.924929	8535	D
03834	San Luis	03	Canelones	-34.768600	-55.590690	3847	
03422	San Ramón	03	Canelones	-34.291550	-55.955710	7356	
03974	Santa Ana	03	Canelones	-34.786970	-55.467850	840	
03323	Santa Lucía	03	Canelones	-34.453330	-56.390560	17381	
03975	Santa Lucía del Este	03	Canelones	-34.789310	-55.536520	453	
03526	Santa Rosa	03	Canelones	-34.498190	-56.037950	4242	
03527	Sauce	03	Canelones	-34.651910	-56.064310	7446	
03978	Seis Hermanos	03	Canelones	-34.645085	-55.924929	653	D
03835	Shangrilá	03	Canelones	-34.846390	-55.998060	3610	
03329	Sofía Santos	03	Canelones	-34.645085	-55.924929	65	D
03732	Solymar	03	Canelones	-34.829060	-55.963700	22340	
03528	Tala	03	Canelones	-34.343490	-55.763750	5779	
03631	Toledo	03	Canelones	-34.738070	-56.094690	6520	
03836	Totoral del Sauce	03	Canelones	-34.660910	-55.993270	1162	
03911	Viejo Molino San Bernardo	03	Canelones	-34.645085	-55.924929	818	D
03733	Villa Aeroparque	03	Canelones	-34.791290	-55.995730	4434	
03979	Villa Arejo	03	Canelones	-34.645085	-55.924929	574	D
03980	Villa Argentina	03	Canelones	-34.768160	-55.775660	1274	
03529	Villa Crespo Y San Andrés	03	Canelones	-34.645085	-55.924929	10609	D
03989	Villa el Tato	03	Canelones	-34.645085	-55.924929	997	D
03837	Villa Felicidad	03	Canelones	-34.642170	-56.240710	1249	
03881	Villa Hadita	03	Canelones	-34.645085	-55.924929	317	D
03991	Villa Juana	03	Canelones	-34.645085	-55.924929	105	D
03342	Villa los Nolitos	03	Canelones	-34.645085	-55.924929	46	D
03838	Villa Paz S.A.	03	Canelones	-34.645085	-55.924929	529	D
03984	Villa Porvenir	03	Canelones	-32.392730	-57.969610	665	
03990	Villa San Cono	03	Canelones	-34.702790	-55.887620	529	
03880	Villa San Felipe	03	Canelones	-34.645085	-55.924929	278	D
03839	Villa San José	03	Canelones	-34.716990	-56.073660	1560	
04821	Acegua	04	Cerro Largo	-31.871780	-54.163510	1489	
04988	Arachania	04	Cerro Largo	-34.614840	-54.150670	44	
04923	Arbolito	04	Cerro Largo	-32.610000	-54.212000	217	
04924	Arévalo	04	Cerro Largo	-32.639160	-55.078070	247	
04822	Bañado de Medina	04	Cerro Largo	-32.402070	-54.348300	250	
04983	Barrio López Benítez	04	Cerro Largo	-32.527889	-54.414909	443	D
04985	Casarone	04	Cerro Largo	-32.527889	-54.414909	13	D
04930	Caserio las Cañas	04	Cerro Largo	-32.527889	-54.414909	107	D
04823	Centurion	04	Cerro Largo	-32.144850	-53.788390	49	
04824	Cerro de las Cuentas	04	Cerro Largo	-32.624300	-54.592750	287	
04940	Esperanza	04	Cerro Largo	-32.349840	-57.948300	31	
04521	Fraile Muerto	04	Cerro Largo	-32.516670	-54.533330	3294	
04943	Getulio Vargas	04	Cerro Largo	-32.527889	-54.414909	17	D
04721	Isidoro Noblía	04	Cerro Largo	-31.962180	-54.123090	2655	
04990	La Micaela	04	Cerro Largo	-32.633330	-53.900000	48	
04948	La Pedrera	04	Cerro Largo	-32.350000	-54.133330	132	
04949	Lago Merin	04	Cerro Largo	-32.527889	-54.414909	794	D
04952	Mangrullo	04	Cerro Largo	-32.116670	-54.066670	23	
04020	Melo	04	Cerro Largo	-32.368200	-54.164090	55985	
04956	Nando	04	Cerro Largo	-32.174350	-54.084700	18	
04989	Ñangapire	04	Cerro Largo	-32.527889	-54.414909	58	D
04827	Placido Rosas	04	Cerro Largo	-32.755330	-53.717630	590	
04830	Poblado Uruguay	04	Cerro Largo	-32.527889	-54.414909	81	D
04966	Quebracho	04	Cerro Largo	-32.683330	-54.633330	74	
04968	Ramón Trigo	04	Cerro Largo	-32.348640	-54.637330	198	
04522	Río Branco	04	Cerro Largo	-32.598020	-53.385830	17379	
04981	Soto Goro	04	Cerro Largo	-32.527889	-54.414909	23	D
04828	Toledo	04	Cerro Largo	-32.500000	-54.016670	201	
04829	Tres Islas	04	Cerro Largo	-32.516670	-54.683330	157	
04621	Tupambae	04	Cerro Largo	-32.833330	-54.766670	1264	
05798	Agraciada	05	Colonia	-33.809810	-58.266690	202	
05989	Arrivillaga	05	Colonia	-34.209361	-57.654331	135	D
05924	Artilleros	05	Colonia	-34.425510	-57.576310	133	
05925	Barker	05	Colonia	-34.260250	-57.455980	168	
05931	Blanca Arena	05	Colonia	-34.435650	-57.296730	132	
05821	Boca del Rosario	05	Colonia	-34.433200	-57.333550	96	
05932	Brisas del Plata	05	Colonia	-34.442770	-57.169260	38	
05923	Campaña	05	Colonia	-34.032630	-57.902040	380	
05839	Campo Chico	05	Colonia	-34.209361	-57.654331	5	D
05321	Carmelo	05	Colonia	-34.000230	-58.284020	19915	
05835	Carmelo Golf	05	Colonia	-34.209361	-57.654331	28	D
05722	Caserio el Cerro	05	Colonia	-34.209361	-57.654331	203	D
05998	Cerro Carmelo	05	Colonia	-34.209361	-57.654331	195	D
05838	Cerro de las Armas	05	Colonia	-34.065960	-57.723250	56	
05829	Cerros de San Juan	05	Colonia	-34.218710	-57.930730	50	
05955	Chico Torino	05	Colonia	-34.209361	-57.654331	65	D
05938	Colonia Cosmopolita	05	Colonia	-34.384810	-57.401870	120	
05320	Colonia del Sacramento	05	Colonia	-34.462620	-57.839760	32159	
05621	Colonia Valdense	05	Colonia	-34.339570	-57.262460	4135	
05721	Conchillas	05	Colonia	-34.164770	-58.033930	545	
05824	Cufre	05	Colonia	-34.193950	-57.107560	390	
05927	El Ensueño	05	Colonia	-34.423680	-57.602470	100	
05993	El Faro	05	Colonia	-34.209361	-57.654331	14	D
05999	El Quinton	05	Colonia	-34.209361	-57.654331	61	D
05826	El Semillero	05	Colonia	-34.335940	-57.690570	538	
05827	Estanzuela	05	Colonia	-34.328770	-57.722800	305	
05622	Florencio Sánchez	05	Colonia	-33.877850	-57.371660	3879	
05727	Juan Carlos Caseros	05	Colonia	-34.209361	-57.654331	88	D
05996	Juan Jackson	05	Colonia	-33.914420	-57.228460	49	
05323	Juan Lacaze	05	Colonia	-34.418880	-57.452850	12397	
05837	La Concordia	05	Colonia	-33.565120	-58.426510	14	
05956	La Horqueta	05	Colonia	-34.209361	-57.654331	124	D
05724	La Paz	05	Colonia	-34.347750	-57.309560	592	
05994	Laguna de los Patos	05	Colonia	-34.209361	-57.654331	98	D
05951	Los Pinos	05	Colonia	-34.209361	-57.654331	318	D
05831	Miguelete	05	Colonia	-34.006460	-57.647920	975	
05836	Montes del Plata	05	Colonia	-34.209361	-57.654331	2	D
05421	Nueva Helvecia	05	Colonia	-34.300000	-57.233330	11740	
05423	Nueva Palmira	05	Colonia	-33.870310	-58.411760	10775	
05521	Ombúes de Lavalle	05	Colonia	-33.937830	-57.809590	3665	
05940	Paraje Minuano	05	Colonia	-34.209361	-57.654331	124	D
05452	Paso Antolin	05	Colonia	-34.200000	-57.783330	94	
05959	Playa Azul	05	Colonia	-34.209361	-57.654331	117	D
05960	Playa Britopolis	05	Colonia	-34.209361	-57.654331	325	D
05962	Playa Fomento	05	Colonia	-34.209361	-57.654331	146	D
05961	Playa Parant	05	Colonia	-34.209361	-57.654331	107	D
05997	Pueblo Gil	05	Colonia	-34.209361	-57.654331	284	D
05964	Puerto Ingles	05	Colonia	-34.209361	-57.654331	102	D
05969	Radial Hernández	05	Colonia	-34.209361	-57.654331	293	D
05726	Riachuelo	05	Colonia	-34.432320	-57.710510	147	
05422	Rosario	05	Colonia	-34.316670	-57.350000	10584	
05977	San Pedro	05	Colonia	-34.293740	-57.828480	72	
05979	Santa Ana	05	Colonia	-34.421050	-57.595430	573	
05980	Santa Regina	05	Colonia	-34.437320	-57.192640	166	
05522	Tarariras	05	Colonia	-34.265550	-57.618660	7269	
05987	Zagarzazu	05	Colonia	-33.963540	-58.330930	245	
06922	Aguas Buenas	06	Durazno	-32.800000	-55.800000	94	
06821	Baygorria	06	Durazno	-32.876760	-56.813430	129	
06621	Blanquillo	06	Durazno	-32.766670	-55.633330	1176	
06721	Carlos Reyles	06	Durazno	-33.056580	-56.476520	1128	
06722	Centenario	06	Durazno	-32.992953	-56.104670	1614	D
06790	Cerro Chato	06	Durazno	-32.450000	-56.033330	1321	
06521	Ciudad del Carmen	06	Durazno	-32.992953	-56.104670	2759	D
06935	Cuchilla de Ramírez	06	Durazno	-32.992953	-56.104670	35	D
06020	Durazno	06	Durazno	-33.380630	-56.523120	40279	
06940	Feliciano	06	Durazno	-33.186010	-56.808280	66	
06622	La Paloma	06	Durazno	-32.726890	-55.582700	1268	
06972	Las Palmas	06	Durazno	-32.992953	-56.104670	39	D
06951	Ombúes de Oribe	06	Durazno	-33.296210	-56.355780	73	
06924	Pueblo de Álvarez	06	Durazno	-32.992953	-56.104670	25	D
06960	Rossell Y Rius	06	Durazno	-33.183330	-55.700000	87	
06964	San Jorge	06	Durazno	-32.842360	-55.896220	436	
06973	Sarandí de Cuadra	06	Durazno	-32.992953	-56.104670	44	D
06421	Sarandí del Yí	06	Durazno	-33.350000	-55.633330	7700	
07921	Andresito	07	Flores	-33.168310	-57.128470	256	
07938	Cerro Colorado	07	Flores	-33.726210	-56.798950	72	
07721	Ismael Cortinas	07	Flores	-33.960620	-57.089790	1075	
07925	Juan José Castro	07	Flores	-33.493970	-56.744110	118	
07937	La Casilla	07	Flores	-33.670250	-56.947200	174	
07320	Trinidad	07	Flores	-33.516500	-56.899570	22893	
08623	25 de Agosto	08	Florida	-34.411670	-56.402220	1814	
08624	25 de Mayo	08	Florida	-34.189170	-56.339440	2172	
08721	Alejandro Gallinal	08	Florida	-33.862520	-55.542640	1166	
08923	Berrondo	08	Florida	-34.147370	-56.277530	194	
08722	Capilla del Sauce	08	Florida	-33.467110	-55.628480	914	
08621	Cardal	08	Florida	-34.290560	-56.388890	1316	
08992	Caserio la Fundación	08	Florida	-33.864917	-55.986940	10	D
08521	Casupá	08	Florida	-34.099940	-55.648110	2742	
08790	Cerro Chato	08	Florida	-32.450000	-56.033330	521	
08821	Chamizo	08	Florida	-34.241320	-55.916730	622	
08994	Estación Capilla del Sauce	08	Florida	-33.864917	-55.986940	28	D
08220	Florida	08	Florida	-34.100320	-56.214770	36449	
08622	Fray Marcos	08	Florida	-34.193880	-55.734500	2701	
08822	Goñi	08	Florida	-33.520320	-56.412900	316	
08991	Illescas	08	Florida	-33.608890	-55.331480	92	
08933	Independencia	08	Florida	-34.351670	-56.398330	460	
08723	La Cruz	08	Florida	-33.929940	-56.238490	705	
08993	La Macana	08	Florida	-34.035750	-56.193150	171	
08823	Mendoza	08	Florida	-34.282110	-56.214410	722	
08824	Mendoza Chico	08	Florida	-34.237550	-56.216670	1030	
08938	Montecoral	08	Florida	-33.864917	-55.986940	54	D
08724	Nico Pérez	08	Florida	-33.483330	-55.150000	1046	
08940	Pintado	08	Florida	-33.834650	-56.306980	196	
08941	Polanco del Yí	08	Florida	-33.486870	-56.156350	49	
08930	Pueblo Ferrer	08	Florida	-33.483330	-55.566670	9	
08944	Puntas de Maciel	08	Florida	-33.622290	-56.363010	202	
08825	Reboledo	08	Florida	-33.991130	-55.647420	293	
08995	San Gabriel	08	Florida	-34.038800	-55.886830	200	
08421	Sarandí Grande	08	Florida	-33.733330	-56.333330	6827	
08896	Valentines	08	Florida	-33.258950	-55.104720	48	
09928	19 de Junio	09	Lavalleja	-33.610200	-54.329940	48	
09823	Aramendia	09	Lavalleja	-34.005017	-55.059557	138	D
09957	Barrio la Coronilla - Ancap	09	Lavalleja	-34.394650	-55.299010	270	
09924	Blanes Viale	09	Lavalleja	-34.005017	-55.059557	154	D
09821	Colón	09	Lavalleja	-33.876420	-54.720340	113	
09931	Estación Solís	09	Lavalleja	-34.366290	-55.447810	51	
09932	Gaetan	09	Lavalleja	-34.129050	-55.481100	60	
09991	Illescas	09	Lavalleja	-33.608890	-55.331480	22	
09521	José Batlle Y Ordóñez	09	Lavalleja	-33.466670	-55.116670	2313	
09522	José Pedro Varela	09	Lavalleja	-33.454510	-54.535860	5401	
09938	Marco de los Reyes	09	Lavalleja	-34.391850	-54.985190	77	
09621	Mariscala	09	Lavalleja	-34.040850	-54.777320	1753	
09220	Minas	09	Lavalleja	-34.375890	-55.237710	38633	
09721	Piraraja	09	Lavalleja	-33.739700	-54.757360	740	
09942	Polanco Norte	09	Lavalleja	-33.875170	-55.121670	97	
09958	San Francisco de las Sierras	09	Lavalleja	-34.005017	-55.059557	146	D
09622	Solís de Mataojo	09	Lavalleja	-34.599510	-55.468080	3244	
09955	Villa del Rosario	09	Lavalleja	-34.314400	-55.477120	137	
09956	Villa Serrana	09	Lavalleja	-34.318400	-54.983600	215	
09722	Zapican	09	Lavalleja	-33.522840	-54.942210	527	
10521	Aiguá	10	Maldonado	-34.204980	-54.756650	2742	
10985	Arenas de José Ignacio	10	Maldonado	-34.822260	-54.622440	47	
10973	Balneario Buenos Aires	10	Maldonado	-34.888400	-54.793110	4612	
10828	Balneario Solís	10	Maldonado	-34.793260	-55.379860	467	
10993	Barra de Portezuelo	10	Maldonado	-34.794160	-55.044372	62	D
10989	Barrio Frigorifico	10	Maldonado	-34.794160	-55.044372	134	D
10926	Bella Vista	10	Maldonado	-34.802180	-55.356920	485	
10929	Canteras de Marelli	10	Maldonado	-34.843540	-54.945120	225	
10931	Cerros Azules	10	Maldonado	-34.765980	-55.365040	423	
10997	Chacras de Medellín Sur Lac	10	Maldonado	-34.794160	-55.044372	36	D
10994	Chacras del Golf	10	Maldonado	-34.794160	-55.044372	7	D
10996	Chakras del Este	10	Maldonado	-34.794160	-55.044372	51	D
10831	Chihuahua	10	Maldonado	-34.874100	-55.088800	142	
10983	Edén Rock	10	Maldonado	-34.865020	-54.755820	27	
10934	El Chorro	10	Maldonado	-34.902050	-54.812810	1168	
10935	El Edén	10	Maldonado	-34.630770	-55.056310	112	
10987	El Quijote	10	Maldonado	-34.794160	-55.044372	62	D
10936	El Tesoro	10	Maldonado	-34.903280	-54.870190	2888	
10825	Estación las Flores	10	Maldonado	-34.794160	-55.044372	467	D
10939	Faro de José Ignacio	10	Maldonado	-34.794160	-55.044372	148	D
10995	Fasano las Piedras - Puerto Quetzal	10	Maldonado	-34.794160	-55.044372	28	D
10822	Garzón	10	Maldonado	-34.591320	-54.545020	178	
10823	Gerona - Km 110	10	Maldonado	-34.794160	-55.044372	687	D
10940	Gregorio Aznarez	10	Maldonado	-34.746570	-55.396730	1262	
10924	Hipódromo	10	Maldonado	-34.794160	-55.044372	3322	D
10942	La Barra	10	Maldonado	-34.911960	-54.853970	1229	
10944	La Capuera	10	Maldonado	-34.854140	-55.128970	4592	
10992	La Juanita	10	Maldonado	-34.794160	-55.044372	508	D
10988	Laguna Blanca	10	Maldonado	-34.794160	-55.044372	75	D
10998	Laguna de los Cisnes - Lomas del Sauce	10	Maldonado	-34.794160	-55.044372	28	D
10991	Laguna Estates	10	Maldonado	-34.794160	-55.044372	15	D
10945	Las Flores	10	Maldonado	-34.815240	-55.327090	416	
10981	Los Corchos	10	Maldonado	-34.794160	-55.044372	76	D
10826	Los Talas	10	Maldonado	-34.093070	-54.490560	89	
10020	Maldonado	10	Maldonado	-34.897910	-54.950210	102000	
10947	Manantiales	10	Maldonado	-34.904520	-54.826250	364	
10827	Nueva Carrara	10	Maldonado	-34.718050	-55.262300	163	
10948	Ocean Park	10	Maldonado	-34.868960	-55.115150	891	
10522	Pan de Azucar	10	Maldonado	-34.778700	-55.235820	7620	
10984	Parque Medina	10	Maldonado	-34.798260	-54.892730	166	
10523	Piriápolis	10	Maldonado	-34.862870	-55.274710	12144	
10953	Playa Grande	10	Maldonado	-34.849770	-55.302000	1681	
10954	Playa Hermosa	10	Maldonado	-34.837340	-55.300460	1456	
10955	Playa Verde	10	Maldonado	-34.832430	-55.305970	543	
10990	Pueblo Mio	10	Maldonado	-34.794160	-55.044372	105	D
10829	Pueblo Solís	10	Maldonado	-34.793260	-55.379860	109	
10022	Punta Ballena	10	Maldonado	-34.888320	-55.039100	1888	
10958	Punta Colorada	10	Maldonado	-34.900610	-55.259600	413	
10021	Punta del Este	10	Maldonado	-34.947470	-54.933820	18137	
10959	Punta Negra	10	Maldonado	-34.889310	-55.216860	914	
10962	Ruta 37 Y 9 - Sierras del Tirol	10	Maldonado	-34.794160	-55.044372	190	D
10321	San Carlos	10	Maldonado	-34.791230	-54.918240	30280	
10972	San Vicente	10	Maldonado	-34.794160	-55.044372	38	D
10982	Santa Mónica	10	Maldonado	-34.849730	-54.699300	301	
10969	Sauce de Portezuelo	10	Maldonado	-34.872900	-55.139610	741	
01020	Montevideo	01	Montevideo	-34.903280	-56.188160	1284699	
11922	Araujo	11	Paysandú	-32.100000	-57.816670	47	
11821	Arbolito	11	Paysandú	-32.216280	-56.457030	60	
11822	Beisso	11	Paysandú	-32.315290	-57.053220	367	
11924	Bella Vista	11	Paysandú	-31.662350	-57.719780	42	
11925	Cañada del Pueblo	11	Paysandú	-31.947590	-57.182050	184	
11823	Casablanca	11	Paysandú	-32.146376	-57.457640	454	D
11824	Cerro Chato	11	Paysandú	-31.862790	-57.540040	281	
11951	Chacras de Paysandú	11	Paysandú	-32.146376	-57.457640	4963	D
11926	Chapicuy	11	Paysandú	-31.660480	-57.888090	707	
11825	Constancia	11	Paysandú	-32.077090	-57.916810	378	
11945	Cuchilla de Buricayupi	11	Paysandú	-32.146376	-57.457640	31	D
11956	Cuchilla de Fuego	11	Paysandú	-32.146376	-57.457640	19	D
11961	El Espinillo	11	Paysandú	-32.146376	-57.457640	117	D
11929	El Eucaliptus	11	Paysandú	-31.898960	-57.262890	335	
11931	Esperanza	11	Paysandú	-32.349840	-57.948300	439	
11955	Estación Porvenir	11	Paysandú	-32.370850	-57.853710	118	
11953	Gallinal	11	Paysandú	-31.884700	-57.480160	576	
11521	Guichón	11	Paysandú	-32.358460	-57.197780	5762	
11935	La Tentacion	11	Paysandú	-32.486180	-57.745110	119	
11721	Lorenzo Geyres	11	Paysandú	-32.077090	-57.916810	692	
11722	Merinos	11	Paysandú	-32.384860	-56.904290	480	
11826	Morato	11	Paysandú	-32.379040	-56.697890	203	
11522	Nuevo Paysandú	11	Paysandú	-32.269910	-58.077270	10170	
11937	Orgoroso	11	Paysandú	-32.380010	-57.517330	522	
11120	Paysandú	11	Paysandú	-32.317100	-58.080720	81489	
11894	Piedra Solá	11	Paysandú	-32.082920	-56.309780	93	
11827	Piedras Coloradas	11	Paysandú	-32.371830	-57.609010	1202	
11828	Piñera	11	Paysandú	-32.326900	-57.048600	117	
11723	Porvenir	11	Paysandú	-32.392730	-57.969610	1175	
11957	Pueblo Alonzo	11	Paysandú	-32.146376	-57.457640	3	D
11932	Pueblo Federación	11	Paysandú	-32.038020	-57.318270	41	
11954	Puntas de Arroyo Negro	11	Paysandú	-32.146376	-57.457640	39	D
11621	Quebracho	11	Paysandú	-31.935260	-57.901400	2817	
11958	Queguayar	11	Paysandú	-32.146376	-57.457640	85	D
11830	San Félix	11	Paysandú	-32.346310	-58.100940	2533	
11947	Soto	11	Paysandú	-31.975280	-57.554860	71	
11695	Tambores	11	Paysandú	-31.877430	-56.244380	886	
11960	Termas de Almirón	11	Paysandú	-32.146376	-57.457640	24	D
11959	Termas de Guaviyu	11	Paysandú	-32.146376	-57.457640	38	D
11831	Villa María (Tiatucura)	11	Paysandú	-32.146376	-57.457640	44	D
11950	Zeballos	11	Paysandú	-32.045740	-57.416400	71	
12797	Algorta	12	Río Negro	-32.421240	-57.389290	782	
12722	Barrio Anglo	12	Río Negro	-32.746779	-57.622508	644	D
12946	Barrio el Molino	12	Río Negro	-32.746779	-57.622508	58	D
12923	Bellaco	12	Río Negro	-32.763940	-57.883740	263	
12821	El Ombú	12	Río Negro	-32.857800	-57.455620	45	
12320	Fray Bentos	12	Río Negro	-33.116510	-58.310670	26951	
12723	Grecco	12	Río Negro	-32.814540	-57.043970	627	
12828	Las Cañas	12	Río Negro	-33.164410	-58.358260	267	
12930	Los Arrayanes	12	Río Negro	-33.233210	-58.038540	530	
12932	Menafra	12	Río Negro	-32.558230	-57.484560	54	
12792	Merinos	12	Río Negro	-32.384860	-56.904290	18	
12621	Nuevo Berlín	12	Río Negro	-32.979740	-58.058580	2692	
12823	Paso de los Mellizos	12	Río Negro	-32.519770	-57.159070	247	
12622	San Javier	12	Río Negro	-32.665230	-58.133200	1932	
12824	Sarandí de Navarro	12	Río Negro	-32.543650	-56.865790	188	
12825	Sauce	12	Río Negro	-32.905210	-57.731760	106	
12945	Tres Quintas	12	Río Negro	-32.700280	-57.996370	140	
12826	Villa General Borges	12	Río Negro	-32.554960	-57.388180	268	
12827	Villa María	12	Río Negro	-32.560000	-57.376330	164	
12421	Young	12	Río Negro	-32.698440	-57.626930	17814	
13922	Amarillo	13	Rivera	-32.046993	-55.441669	24	D
13822	Arroyo Blanco	13	Rivera	-31.633300	-54.790950	57	
13929	Cerrillada	13	Rivera	-31.439820	-54.709990	116	
13965	Cerro Chapeu	13	Rivera	-32.046993	-55.441669	122	D
13824	Cerro Pelado	13	Rivera	-34.881530	-54.976740	150	
13931	Cerros de la Calera	13	Rivera	-32.046993	-55.441669	71	D
13948	Estación Ataques	13	Rivera	-31.100000	-55.666670	46	
13940	Lagos del Norte	13	Rivera	-32.046993	-55.441669	624	D
13831	Lapuente	13	Rivera	-31.416670	-54.916670	295	
13832	Las Flores	13	Rivera	-34.815240	-55.327090	373	
13943	Masoller	13	Rivera	-31.083390	-56.004100	312	
13521	Minas de Corrales	13	Rivera	-31.573750	-55.470750	3642	
13833	Moirones	13	Rivera	-31.604270	-54.985470	213	
13823	Paso Ataques	13	Rivera	-31.100000	-55.666670	868	
13830	Paso Hospital	13	Rivera	-34.126650	-57.675680	273	
13966	Pueblo Madera/los Ceibos	13	Rivera	-32.046993	-55.441669	82	D
13020	Rivera	13	Rivera	-30.905340	-55.550760	84775	
13522	Tranqueras	13	Rivera	-31.200000	-55.750000	7743	
13621	Vichadero	13	Rivera	-31.777940	-54.691830	3919	
14721	18 de Julio	14	Rocha	-33.682160	-53.553250	1153	
14822	19 de Abril	14	Rocha	-34.362800	-54.067180	195	
14921	Aguas Dulces	14	Rocha	-34.274480	-53.782060	724	
14959	Arachania	14	Rocha	-34.614840	-54.150670	778	
14940	Barra de Valizas	14	Rocha	-34.336110	-53.795820	462	
14923	Barra del Chuy	14	Rocha	-33.749110	-53.379350	905	
14826	Barrio Pereira	14	Rocha	-33.884550	-53.520860	209	
14926	Barrio Torres	14	Rocha	-34.210780	-53.844750	104	
14928	Cabo Polonio	14	Rocha	-34.402400	-53.782640	128	
14929	Capacho	14	Rocha	-33.894740	-53.528650	544	
14421	Castillos	14	Rocha	-34.198710	-53.859190	7715	
14621	Cebollatí	14	Rocha	-33.267030	-53.794250	1665	
14521	Chuy	14	Rocha	-33.697920	-53.459260	13529	
14935	El Caracol	14	Rocha	-34.787680	-54.538380	28	
14821	La Aguada Y Costa Azul	14	Rocha	-34.637370	-54.160450	1373	
14823	La Coronilla	14	Rocha	-33.557910	-53.858030	707	
14941	La Esmeralda	14	Rocha	-34.157270	-53.697570	245	
14722	La Paloma	14	Rocha	-34.662680	-54.164520	5939	
14942	La Pedrera	14	Rocha	-34.592110	-54.123520	315	
14964	La Ribiera	14	Rocha	-34.545190	-54.326620	192	
14944	Las Garzas	14	Rocha	-34.696660	-54.324690	6	
14422	Lascano	14	Rocha	-33.672350	-54.206500	7572	
14972	Lomas de la Pedrera	14	Rocha	-34.103947	-54.039976	0	D
14966	Oceania del Polonio	14	Rocha	-34.103947	-54.039976	9	D
14963	Palmares de la Coronilla	14	Rocha	-33.849070	-53.483980	22	
14948	Paralle	14	Rocha	-34.221540	-54.316120	33	
14960	Pta. Rubia Y Sta. Isabel de la Pedrera	14	Rocha	-34.103947	-54.039976	379	D
14967	Pueblo Nuevo	14	Rocha	-34.442380	-56.442960	5	
14965	Puente Valizas	14	Rocha	-34.103947	-54.039976	99	D
14953	Puerto de los Botes	14	Rocha	-34.544830	-54.318520	16	
14957	Puimayen	14	Rocha	-33.774110	-53.409250	1346	
14962	Punta del Diablo	14	Rocha	-34.045830	-53.540500	2014	
14970	Rincón de la Laguna	14	Rocha	-32.000000	-55.483330	65	
14320	Rocha	14	Rocha	-34.479950	-54.330640	26784	
14969	San Antonio	14	Rocha	-34.547890	-54.078570	21	
14723	San Luis Al Medio	14	Rocha	-33.603490	-53.716580	649	
14971	Santa Ana del Mar	14	Rocha	-34.103947	-54.039976	0	D
14968	Tajamares de la Pedrera	14	Rocha	-34.103947	-54.039976	14	D
14622	Velázquez	14	Rocha	-34.036310	-54.280540	867	
15821	Albisu	15	Salto	-31.384110	-57.814690	572	
15924	Arenitas Blancas	15	Salto	-31.416130	-57.999970	678	
15975	Barrio Fernández	15	Salto	-31.178530	-56.367600	141	
15976	Barrio Hipico	15	Salto	-31.437285	-57.102426	200	D
15522	Belén	15	Salto	-30.787160	-57.775770	1795	
15822	Biassini	15	Salto	-31.275900	-57.124140	422	
15823	Campo de Todos	15	Salto	-31.559590	-57.613990	200	
15824	Cayetano	15	Salto	-31.242170	-56.771090	61	
15931	Celeste	15	Salto	-31.315000	-57.120000	98	
15935	Cerros de Vera	15	Salto	-31.599240	-56.810580	164	
15723	Chacras de Belén	15	Salto	-30.807450	-57.773720	466	
15966	Colonia 18 de Julio	15	Salto	-33.682160	-53.553250	865	
15970	Colonia Itapebi	15	Salto	-31.337560	-57.407080	447	
15523	Constitución	15	Salto	-31.069130	-57.849460	2873	
15825	Cuchilla de Guaviyu	15	Salto	-31.034360	-56.634190	140	
15721	Fernández	15	Salto	-31.178530	-56.367600	247	
15939	Garibaldi	15	Salto	-31.339290	-57.827450	549	
15971	Guaviyu de Arapey	15	Salto	-31.088840	-56.687420	132	
15944	Las Flores	15	Salto	-34.815240	-55.327090	92	
15945	Laureles	15	Salto	-31.499010	-57.525480	107	
15946	Lluveras	15	Salto	-31.101520	-57.064140	257	
15949	Migliaro	15	Salto	-31.437285	-57.102426	871	D
15950	Olivera	15	Salto	-31.119020	-56.878050	163	
15974	Osimani Y Llerena	15	Salto	-31.437285	-57.102426	125	D
15828	Palomas	15	Salto	-31.080870	-57.609340	162	
15969	Parque José Luis	15	Salto	-31.289620	-57.942960	22	
15973	Paso Cementerio	15	Salto	-31.402670	-56.741970	50	
15957	Paso de las Piedras de Arerungua	15	Salto	-31.437285	-57.102426	75	D
15829	Paso del Parque del Dayman	15	Salto	-31.437285	-57.102426	35	D
15956	Pepe Núñez	15	Salto	-31.454300	-56.386770	92	
15959	Puntas de Valentín	15	Salto	-31.496860	-57.132940	178	
15830	Quintana	15	Salto	-31.348370	-56.394620	122	
15965	Rincón de Valentín	15	Salto	-31.280660	-57.201760	761	
15972	Russo	15	Salto	-31.437285	-57.102426	41	D
15120	Salto	15	Salto	-31.388110	-57.959830	114043	
15722	San Antonio	15	Salto	-31.351270	-57.759030	996	
15831	Sarandí de Arapey	15	Salto	-31.437285	-57.102426	142	D
15832	Saucedo	15	Salto	-31.107610	-57.529280	246	
15943	Termas del Arapey	15	Salto	-30.947500	-57.520870	147	
15827	Termas del Dayman	15	Salto	-31.452640	-57.907940	482	
16825	18 de Julio (Pueblo Nuevo)	16	San José	-34.282055	-56.598720	521	D
16924	Boca del Cufre	16	San José	-34.442320	-57.147620	99	
16939	Cañada Grande	16	San José	-34.465960	-56.750840	122	
16925	Capurro	16	San José	-34.436620	-56.464470	730	
16964	Carreta Quemada	16	San José	-34.172620	-56.552320	86	
16960	Ceramicas del Sur	16	San José	-34.282055	-56.598720	129	D
16021	Ciudad del Plata	16	San José	-34.767000	-56.383810	38249	
16962	Cololo Tinosa	16	San José	-34.282055	-56.598720	206	D
16966	Colonia Delta	16	San José	-34.282055	-56.598720	39	D
16965	Costas de Pereira	16	San José	-34.282055	-56.598720	150	D
16022	Ecilda Paullier	16	San José	-34.357780	-57.048830	3181	
16822	González	16	San José	-34.229170	-56.874230	331	
16721	Ituzaingó	16	San José	-34.420280	-56.424880	877	
16923	Juan Soler	16	San José	-34.323190	-56.804330	1048	
16932	Kiyu-Ordeig	16	San José	-34.282055	-56.598720	897	D
16933	La Boyada	16	San José	-34.407450	-56.987680	49	
16941	Laurel	16	San José	-34.282055	-56.598720	44	D
16421	Libertad	16	San José	-34.634590	-56.617390	12971	
16823	Mal Abrigo	16	San José	-34.146970	-56.952650	373	
16963	Mangrullo	16	San José	-32.116670	-54.066670	95	
16968	Picada Varela	16	San José	-34.282055	-56.598720	32	D
16970	Puntas de Gregorio	16	San José	-34.282055	-56.598720	61	D
16821	Puntas de Valdez	16	San José	-34.585500	-56.700970	1618	
16961	Radial	16	San José	-34.282055	-56.598720	362	D
16826	Rafael Peraza	16	San José	-34.282055	-56.598720	1517	D
16827	Raigon	16	San José	-34.340240	-56.662990	825	
16945	Rincón del Pino	16	San José	-34.503260	-56.834830	245	
16621	Rodríguez	16	San José	-34.381000	-56.537970	3100	
16946	San Gregorio	16	San José	-33.938200	-56.752490	49	
16220	San José de Mayo	16	San José	-34.338980	-56.713390	38550	
16967	Tropezón	16	San José	-34.400000	-56.533330	34	
16926	Villa María	16	San José	-34.515360	-56.761440	655	
17798	Agraciada	17	Soriano	-33.809810	-58.266690	311	
17825	Cañada Nieto	17	Soriano	-33.698740	-58.109030	421	
17521	Cardona	17	Soriano	-33.870490	-57.369540	5186	
17822	Castillos	17	Soriano	-33.883330	-57.666670	136	
17950	Chacras de Dolores	17	Soriano	-33.554240	-58.210930	1296	
17951	Colonia Concordia	17	Soriano	-34.381000	-56.537970	36	
17927	Cuchilla del Perdido	17	Soriano	-33.583330	-57.300000	14	
17321	Dolores	17	Soriano	-33.530090	-58.217010	18447	
17721	Egaña	17	Soriano	-33.602310	-57.626910	815	
17928	El Tala	17	Soriano	-33.203380	-57.412540	110	
17621	José Enrique Rodo	17	Soriano	-33.696180	-57.531530	2070	
17930	La Concordia	17	Soriano	-33.565120	-58.426510	127	
17931	La Loma	17	Soriano	-33.422380	-58.303000	57	
17993	Lares	17	Soriano	-33.833640	-57.799570	71	
17220	Mercedes	17	Soriano	-33.252400	-58.030470	43528	
17624	Palmar	17	Soriano	-33.062490	-57.460730	346	
17622	Palmitas	17	Soriano	-33.507190	-57.800790	2218	
17939	Palo Solo	17	Soriano	-33.828850	-58.023520	122	
17952	Perseverano	17	Soriano	-33.623608	-57.784580	150	D
17995	Playa de los Treinta Y Tres (Casa Blanca)	17	Soriano	-33.623608	-57.784580	1	D
17823	Risso	17	Soriano	-33.621680	-57.572750	634	
17824	Sacachispas	17	Soriano	-33.623608	-57.784580	437	D
17722	Santa Catalina	17	Soriano	-33.791000	-57.488240	1013	
17623	Villa Soriano	17	Soriano	-33.398110	-58.321770	1290	
18721	Achar	18	Tacuarembó	-32.402900	-56.180730	754	
18722	Ansina	18	Tacuarembó	-31.878360	-55.464820	2891	
18834	Balneario Ipora	18	Tacuarembó	-31.666530	-55.963970	313	
18925	Cardozo	18	Tacuarembó	-32.643450	-56.326570	31	
18971	Cerro de Pastoreo	18	Tacuarembó	-32.222673	-55.962697	29	D
18928	Chamberlain	18	Tacuarembó	-32.688580	-56.477440	63	
18822	Clara	18	Tacuarembó	-32.224140	-55.732240	152	
18993	Cruz de los Caminos	18	Tacuarembó	-32.232550	-54.967050	407	
18931	Cuchilla de Peralta	18	Tacuarembó	-32.491940	-56.354970	224	
18825	Cuchilla del Ombú	18	Tacuarembó	-31.777260	-55.694280	124	
18723	Curtina	18	Tacuarembó	-32.150000	-56.116670	1030	
18827	La Hilera	18	Tacuarembó	-32.078560	-55.658120	97	
18828	Las Toscas de Caraguatá	18	Tacuarembó	-32.222673	-55.962697	1200	D
18952	Laureles	18	Tacuarembó	-32.500000	-56.033330	38	
18963	Montevideo Chico	18	Tacuarembó	-32.216670	-55.600000	19	
18829	Paso Bonilla	18	Tacuarembó	-31.807630	-55.979290	482	
18951	Paso de los Novillos	18	Tacuarembó	-34.166030	-56.401150	99	
18321	Paso de los Toros	18	Tacuarembó	-32.816670	-56.516670	14210	
18724	Paso del Cerro	18	Tacuarembó	-31.478180	-55.833180	269	
18894	Piedra Solá	18	Tacuarembó	-32.082920	-56.309780	52	
18830	Pueblo de Arriba	18	Tacuarembó	-31.750000	-55.466670	166	
18831	Pueblo del Barro	18	Tacuarembó	-32.050000	-55.383330	171	
18992	Punta de Carretera	18	Tacuarembó	-32.222673	-55.962697	107	D
18990	Puntas de Cinco Sauces	18	Tacuarembó	-32.222673	-55.962697	37	D
18832	Rincón de la Aldea	18	Tacuarembó	-31.750000	-56.066670	124	
18991	Rincón de Pereira	18	Tacuarembó	-32.222673	-55.962697	47	D
18833	Rincón del Bonete	18	Tacuarembó	-32.833080	-56.425480	28	
18521	San Gregorio de Polanco	18	Tacuarembó	-32.616670	-55.833330	3899	
18980	Sauce de Batovi	18	Tacuarembó	-31.891140	-56.020760	175	
18020	Tacuarembó	18	Tacuarembó	-31.718820	-55.979250	60581	
18695	Tambores	18	Tacuarembó	-31.877430	-56.244380	582	
19962	Arrocera Bonomo	19	Treinta y Tres	-33.156208	-54.409444	0	D
19963	Arrocera el Tigre	19	Treinta y Tres	-33.156208	-54.409444	27	D
19964	Arrocera la Catumbera	19	Treinta y Tres	-33.156208	-54.409444	15	D
19965	Arrocera la Querencia	19	Treinta y Tres	-33.156208	-54.409444	0	D
19966	Arrocera las Palmas	19	Treinta y Tres	-33.156208	-54.409444	0	D
19940	Arrocera los Ceibos	19	Treinta y Tres	-33.156208	-54.409444	27	D
19961	Arrocera los Teros	19	Treinta y Tres	-33.156208	-54.409444	5	D
19967	Arrocera Mini	19	Treinta y Tres	-33.156208	-54.409444	9	D
19968	Arrocera Procipa	19	Treinta y Tres	-33.156208	-54.409444	0	D
19924	Arrocera Rincón	19	Treinta y Tres	-33.156208	-54.409444	20	D
19969	Arrocera San Fernando	19	Treinta y Tres	-33.156208	-54.409444	22	D
19970	Arrocera Santa Fe	19	Treinta y Tres	-33.156208	-54.409444	0	D
19971	Arrocera Zapata	19	Treinta y Tres	-33.156208	-54.409444	46	D
19721	Arrozal Treinta Y Tres	19	Treinta y Tres	-33.042630	-53.696990	175	
19790	Cerro Chato	19	Treinta y Tres	-33.100000	-55.133330	1287	
19956	Ejido de Treinta Y Tres	19	Treinta y Tres	-33.231000	-54.385770	7692	
19960	El Bellaco	19	Treinta y Tres	-33.437240	-54.551140	39	
19821	Estación Rincón	19	Treinta y Tres	-33.156208	-54.409444	697	D
19722	Gral. Enrique Martínez	19	Treinta y Tres	-33.203880	-53.805240	1429	
19822	Isla Patrulla (María Isabel)	19	Treinta y Tres	-33.156208	-54.409444	189	D
19941	María Albina	19	Treinta y Tres	-33.390030	-54.678300	47	
19942	Mendizabal (el Oro)	19	Treinta y Tres	-33.156208	-54.409444	127	D
19922	Poblado Alonzo	19	Treinta y Tres	-33.156208	-54.409444	25	D
19947	Puntas del Parao	19	Treinta y Tres	-32.725120	-54.378720	29	
19521	Santa Clara de Olimar	19	Treinta y Tres	-32.922540	-54.944470	2347	
19220	Treinta Y Tres	19	Treinta y Tres	-33.231000	-54.385770	25870	
19896	Valentines	19	Treinta y Tres	-33.258950	-55.104720	109	
19522	Vergara	19	Treinta y Tres	-32.944190	-53.938100	3960	
19955	Villa Passano	19	Treinta y Tres	-33.290730	-53.900750	27	
19723	Villa Sara	19	Treinta y Tres	-33.253400	-54.419470	1309	
