15101	Arica	Arica	Arica y Parinacota	210936
15102	Camarones	Arica	Arica y Parinacota	679
15201	Putre	Parinacota	Arica y Parinacota	1462
15202	General Lagos	Parinacota	Arica y Parinacota	739
01101	Iquique	Iquique	Tarapacá	184953
01107	Alto Hospicio	Iquique	Tarapacá	94455
01401	Pozo Almonte	Tamarugal	Tarapacá	11519
01402	Camiña	Tamarugal	Tarapacá	1156
01403	Colchane	Tamarugal	Tarapacá	1384
01404	Huara	Tamarugal	Tarapacá	2360
01405	Pica	Tamarugal	Tarapacá	4194
02101	Antofagasta	Antofagasta	Antofagasta	348669
02102	Mejillones	Antofagasta	Antofagasta	9752
02103	Sierra Gorda	Antofagasta	Antofagasta	1206
02104	Taltal	Antofagasta	Antofagasta	13493
02201	Calama	El Loa	Antofagasta	147886
02202	Ollagüe	El Loa	Antofagasta	332
02203	San Pedro de Atacama	El Loa	Antofagasta	5605
02301	Tocopilla	Tocopilla	Antofagasta	20091
02302	María Elena	Tocopilla	Antofagasta	4593
03101	Copiapó	Copiapó	Atacama	158261
03102	Caldera	Copiapó	Atacama	16150
03103	Tierra Amarilla	Copiapó	Atacama	13912
03201	Chañaral	Chañaral	Atacama	14146
03202	Diego de Almagro	Chañaral	Atacama	16452
03301	Vallenar	Huasco	Atacama	52099
03302	Alto del Carmen	Huasco	Atacama	5488
03303	Freirina	Huasco	Atacama	6532
03304	Huasco	Huasco	Atacama	9015
04101	La Serena	Elqui	Coquimbo	211275
04102	Coquimbo	Elqui	Coquimbo	202441
04103	Andacollo	Elqui	Coquimbo	11116
04104	La Higuera	Elqui	Coquimbo	4331
04105	Paihuano	Elqui	Coquimbo	4252
04106	Vicuña	Elqui	Coquimbo	26029
04201	Illapel	Choapa	Coquimbo	30598
04202	Canela	Choapa	Coquimbo	9182
04203	Los Vilos	Choapa	Coquimbo	18483
04204	Salamanca	Choapa	Coquimbo	25671
04301	Ovalle	Limarí	Coquimbo	112956
04302	Combarbalá	Limarí	Coquimbo	13818
04303	Monte Patria	Limarí	Coquimbo	30137
04304	Punitaqui	Limarí	Coquimbo	10418
04305	Río Hurtado	Limarí	Coquimbo	4149
05101	Valparaíso	Valparaíso	Valparaíso	308137
05102	Casablanca	Valparaíso	Valparaíso	25165
05103	Concón	Valparaíso	Valparaíso	63210
05104	Juan Fernández	Valparaíso	Valparaíso	792
05105	Puchuncaví	Valparaíso	Valparaíso	16371
05107	Quintero	Valparaíso	Valparaíso	28066
05109	Viña del Mar	Valparaíso	Valparaíso	311399
05201	Isla de Pascua	Isla de Pascua	Valparaíso	5761
05301	Los Andes	Los Andes	Valparaíso	110866
05302	Calle Larga	Los Andes	Valparaíso	11110
05303	Rinconada	Los Andes	Valparaíso	8097
05304	San Esteban	Los Andes	Valparaíso	17371
05401	La Ligua	Petorca	Valparaíso	38524
05402	Cabildo	Petorca	Valparaíso	21094
05403	Papudo	Petorca	Valparaíso	5643
05404	Petorca	Petorca	Valparaíso	10074
05405	Zapallar	Petorca	Valparaíso	6726
05501	Quillota	Quillota	Valparaíso	88803
05502	La Calera	Quillota	Valparaíso	55207
05503	Hijuelas	Quillota	Valparaíso	19132
05504	La Cruz	Quillota	Valparaíso	17346
05506	Nogales	Quillota	Valparaíso	26385
05601	San Antonio	San Antonio	Valparaíso	87697
05602	Algarrobo	San Antonio	Valparaíso	13817
05603	Cartagena	San Antonio	Valparaíso	17029
05604	El Quisco	San Antonio	Valparaíso	15829
05605	El Tabo	San Antonio	Valparaíso	11861
05606	Santo Domingo	San Antonio	Valparaíso	9205
05701	San Felipe	San Felipe de Aconcagua	Valparaíso	72121
05702	Catemu	San Felipe de Aconcagua	Valparaíso	13902
05703	Llay-Llay	San Felipe de Aconcagua	Valparaíso	23680
05704	Panquehue	San Felipe de Aconcagua	Valparaíso	7569
05705	Putaendo	San Felipe de Aconcagua	Valparaíso	17369
05706	Santa María	San Felipe de Aconcagua	Valparaíso	14504
05801	Quilpué	Marga Marga	Valparaíso	162320
05802	Limache	Marga Marga	Valparaíso	45864
05803	Olmué	Marga Marga	Valparaíso	16243
05804	Villa Alemana	Marga Marga	Valparaíso	135368
06101	Rancagua	Cachapoal	Lib. Gral. Bernardo O'Higgins	250638
06102	Codegua	Cachapoal	Lib. Gral. Bernardo O'Higgins	12725
06103	Coinco	Cachapoal	Lib. Gral. Bernardo O'Higgins	7248
06104	Coltauco	Cachapoal	Lib. Gral. Bernardo O'Higgins	17620
06105	Doñihue	Cachapoal	Lib. Gral. Bernardo O'Higgins	21023
06106	Graneros	Cachapoal	Lib. Gral. Bernardo O'Higgins	30372
06107	Las Cabras	Cachapoal	Lib. Gral. Bernardo O'Higgins	23857
06108	Machalí	Cachapoal	Lib. Gral. Bernardo O'Higgins	44566
06109	Malloa	Cachapoal	Lib. Gral. Bernardo O'Higgins	14972
06110	Mostazal	Cachapoal	Lib. Gral. Bernardo O'Higgins	23430
06111	Olivar	Cachapoal	Lib. Gral. Bernardo O'Higgins	13483
06112	Peumo	Cachapoal	Lib. Gral. Bernardo O'Higgins	14158
06113	Pichidegua	Cachapoal	Lib. Gral. Bernardo O'Higgins	18637
06114	Quinta de Tilcoco	Cachapoal	Lib. Gral. Bernardo O'Higgins	12144
06115	Rengo	Cachapoal	Lib. Gral. Bernardo O'Higgins	56188
06116	Requínoa	Cachapoal	Lib. Gral. Bernardo O'Higgins	26235
06117	San Vicente	Cachapoal	Lib. Gral. Bernardo O'Higgins	47716
06201	Pichilemu	Cardenal Caro	Lib. Gral. Bernardo O'Higgins	13916
06202	La Estrella	Cardenal Caro	Lib. Gral. Bernardo O'Higgins	4821
06203	Litueche	Cardenal Caro	Lib. Gral. Bernardo O'Higgins	5591
06204	Marchigüe	Cardenal Caro	Lib. Gral. Bernardo O'Higgins	7557
06205	Navidad	Cardenal Caro	Lib. Gral. Bernardo O'Higgins	5650
06206	Paredones	Cardenal Caro	Lib. Gral. Bernardo O'Higgins	6802
06301	San Fernando	Colchagua	Lib. Gral. Bernardo O'Higgins	75221
06302	Chépica	Colchagua	Lib. Gral. Bernardo O'Higgins	15820
06303	Chimbarongo	Colchagua	Lib. Gral. Bernardo O'Higgins	35664
06304	Lolol	Colchagua	Lib. Gral. Bernardo O'Higgins	6630
06305	Nancagua	Colchagua	Lib. Gral. Bernardo O'Higgins	18921
06306	Palmilla	Colchagua	Lib. Gral. Bernardo O'Higgins	12373
06307	Peralillo	Colchagua	Lib. Gral. Bernardo O'Higgins	10933
06308	Placilla	Colchagua	Lib. Gral. Bernardo O'Higgins	9624
06309	Pumanque	Colchagua	Lib. Gral. Bernardo O'Higgins	3458
06310	Santa Cruz	Colchagua	Lib. Gral. Bernardo O'Higgins	35255
07101	Talca	Talca	Maule	264842
07102	Constitución	Talca	Maule	41416
07103	Curepto	Talca	Maule	9714
07104	Empedrado	Talca	Maule	4250
07105	Maule	Talca	Maule	21957
07106	Pelarco	Talca	Maule	7959
07107	Pencahue	Talca	Maule	9187
07108	Río Claro	Talca	Maule	13020
07109	San Clemente	Talca	Maule	39554
07110	San Rafael	Talca	Maule	8512
07201	Cauquenes	Cauquenes	Maule	40245
07202	Chanco	Cauquenes	Maule	9571
07203	Pelluhue	Cauquenes	Maule	6636
07301	Curicó	Curicó	Maule	177766
07302	Hualañé	Curicó	Maule	9977
07303	Licantén	Curicó	Maule	6689
07304	Molina	Curicó	Maule	40329
07305	Rauco	Curicó	Maule	9878
07306	Romeral	Curicó	Maule	14460
07307	Sagrada Familia	Curicó	Maule	17839
07308	Teno	Curicó	Maule	28228
07309	Vichuquén	Curicó	Maule	4335
07401	Linares	Linares	Maule	107311
07402	Colbún	Linares	Maule	19361
07403	Longaví	Linares	Maule	28968
07404	Parral	Linares	Maule	39404
07405	Retiro	Linares	Maule	18760
07406	San Javier	Linares	Maule	40881
07407	Villa Alegre	Linares	Maule	15428
07408	Yerbas Buenas	Linares	Maule	17158
16101	Chillán	Diguillín	Ñuble	175585
16102	Bulnes	Diguillín	Ñuble	21542
16103	Chillán Viejo	Diguillín	Ñuble	29199
16104	El Carmen	Diguillín	Ñuble	11830
16105	Pemuco	Diguillín	Ñuble	9120
16106	Pinto	Diguillín	Ñuble	10883
16107	Quillón	Diguillín	Ñuble	15525
16108	San Ignacio	Diguillín	Ñuble	15770
16109	Yungay	Diguillín	Ñuble	18234
16201	Quirihue	Itata	Ñuble	11851
16202	Cobquecura	Itata	Ñuble	5173
16203	Coelemu	Itata	Ñuble	15461
16204	Ninhue	Itata	Ñuble	5278
16205	Portezuelo	Itata	Ñuble	5061
16206	Ránquil	Itata	Ñuble	4983
16207	Treguaco	Itata	Ñuble	4995
16301	San Carlos	Punilla	Ñuble	51335
16302	Coihueco	Punilla	Ñuble	24714
16303	Ñiquén	Punilla	Ñuble	10063
16304	San Fabián	Punilla	Ñuble	3503
16305	San Nicolás	Punilla	Ñuble	10051
08101	Concepción	Concepción	Biobío	227768
08102	Coronel	Concepción	Biobío	107508
08103	Chiguayante	Concepción	Biobío	115366
08104	Florida	Concepción	Biobío	9867
08105	Hualqui	Concepción	Biobío	21934
08106	Lota	Concepción	Biobío	48045
08107	Penco	Concepción	Biobío	52389
08108	San Pedro de La Paz	Concepción	Biobío	94827
08109	Santa Juana	Concepción	Biobío	13331
08110	Talcahuano	Concepción	Biobío	171673
08111	Tomé	Concepción	Biobío	54223
08112	Hualpén	Concepción	Biobío	86176
08201	Lebu	Arauco	Biobío	25790
08202	Arauco	Arauco	Biobío	41153
08203	Cañete	Arauco	Biobío	33535
08204	Contulmo	Arauco	Biobío	5188
08205	Curanilahue	Arauco	Biobío	33855
08206	Los Álamos	Arauco	Biobío	20723
08207	Tirúa	Arauco	Biobío	10859
08301	Los Ángeles	Biobío	Biobío	195813
08302	Antuco	Biobío	Biobío	3774
08303	Cabrero	Biobío	Biobío	29532
08304	Laja	Biobío	Biobío	20964
08305	Mulchén	Biobío	Biobío	28517
08306	Nacimiento	Biobío	Biobío	26145
08307	Negrete	Biobío	Biobío	8933
08308	Quilaco	Biobío	Biobío	3722
08309	Quilleco	Biobío	Biobío	10396
08310	San Rosendo	Biobío	Biobío	3627
08311	Santa Bárbara	Biobío	Biobío	14612
08312	Tucapel	Biobío	Biobío	13442
08313	Yumbel	Biobío	Biobío	20572
08314	Alto Biobío	Biobío	Biobío	10039
09101	Temuco	Cautín	La Araucanía	269992
09102	Carahue	Cautín	La Araucanía	25718
09103	Cunco	Cautín	La Araucanía	19024
09104	Curarrehue	Cautín	La Araucanía	7540
09105	Freire	Cautín	La Araucanía	27616
09106	Galvarino	Cautín	La Araucanía	11324
09107	Gorbea	Cautín	La Araucanía	15481
09108	Lautaro	Cautín	La Araucanía	35451
09109	Loncoche	Cautín	La Araucanía	22191
09110	Melipeuco	Cautín	La Araucanía	5451
09111	Nueva Imperial	Cautín	La Araucanía	32109
09112	Padre Las Casas	Cautín	La Araucanía	72135
09113	Perquenco	Cautín	La Araucanía	6911
09114	Pitrufquén	Cautín	La Araucanía	23776
09115	Pucón	Cautín	La Araucanía	29987
09116	Saavedra	Cautín	La Araucanía	13481
09117	Teodoro Schmidt	Cautín	La Araucanía	15793
09118	Toltén	Cautín	La Araucanía	10403
09119	Vilcún	Cautín	La Araucanía	23823
09120	Villarrica	Cautín	La Araucanía	56178
09121	Cholchol	Cautín	La Araucanía	10825
09201	Angol	Malleco	La Araucanía	51136
09202	Collipulli	Malleco	La Araucanía	21705
09203	Curacautín	Malleco	La Araucanía	15728
09204	Ercilla	Malleco	La Araucanía	9148
09205	Lonquimay	Malleco	La Araucanía	11341
09206	Los Sauces	Malleco	La Araucanía	6490
09207	Lumaco	Malleco	La Araucanía	10479
09208	Purén	Malleco	La Araucanía	11789
09209	Renaico	Malleco	La Araucanía	9028
09210	Traiguén	Malleco	La Araucanía	18357
09211	Victoria	Malleco	La Araucanía	33127
14101	Valdivia	Valdivia	Los Ríos	163148
14102	Corral	Valdivia	Los Ríos	5084
14103	Lanco	Valdivia	Los Ríos	16663
14104	Los Lagos	Valdivia	Los Ríos	18733
14105	Máfil	Valdivia	Los Ríos	7006
14106	Mariquina	Valdivia	Los Ríos	19823
14107	Paillaco	Valdivia	Los Ríos	19898
14108	Panguipulli	Valdivia	Los Ríos	35185
14201	La Unión	Ranco	Los Ríos	38544
14202	Futrono	Ranco	Los Ríos	15811
14203	Lago Ranco	Ranco	Los Ríos	9380
14204	Río Bueno	Ranco	Los Ríos	31343
10101	Puerto Montt	Llanquihue	Los Lagos	248945
10102	Calbuco	Llanquihue	Los Lagos	34902
10103	Cochamó	Llanquihue	Los Lagos	4326
10104	Fresia	Llanquihue	Los Lagos	12454
10105	Frutillar	Llanquihue	Los Lagos	17756
10106	Los Muermos	Llanquihue	Los Lagos	16522
10107	Llanquihue	Llanquihue	Los Lagos	18151
10108	Maullín	Llanquihue	Los Lagos	13914
10109	Puerto Varas	Llanquihue	Los Lagos	39414
10201	Castro	Chiloé	Los Lagos	50764
10202	Ancud	Chiloé	Los Lagos	41960
10203	Chonchi	Chiloé	Los Lagos	14639
10204	Curaco de Vélez	Chiloé	Los Lagos	3884
10205	Dalcahue	Chiloé	Los Lagos	14548
10206	Puqueldón	Chiloé	Los Lagos	4097
10207	Queilén	Chiloé	Los Lagos	5319
10208	Quellón	Chiloé	Los Lagos	30964
10209	Quemchi	Chiloé	Los Lagos	9191
10210	Quinchao	Chiloé	Los Lagos	9043
10301	Osorno	Osorno	Los Lagos	153797
10302	Puerto Octay	Osorno	Los Lagos	9480
10303	Purranque	Osorno	Los Lagos	20768
10304	Puyehue	Osorno	Los Lagos	11370
10305	Río Negro	Osorno	Los Lagos	13425
10306	San Juan de la Costa	Osorno	Los Lagos	7997
10307	San Pablo	Osorno	Los Lagos	9150
10401	Chaitén	Palena	Los Lagos	7122
10402	Futaleufú	Palena	Los Lagos	1836
10403	Hualaihué	Palena	Los Lagos	8426
10404	Palena	Palena	Los Lagos	1665
11101	Coyhaique	Coyhaique	Aysén del General Carlos Ibáñez del Campo	59221
11102	Lago Verde	Coyhaique	Aysén del General Carlos Ibáñez del Campo	925
11201	Aysén	Aysén	Aysén del General Carlos Ibáñez del Campo	27187
11202	Cisnes	Aysén	Aysén del General Carlos Ibáñez del Campo	6166
11203	Guaitecas	Aysén	Aysén del General Carlos Ibáñez del Campo	1862
11301	Cochrane	Capitán Prat	Aysén del General Carlos Ibáñez del Campo	2759
11302	O'Higgins	Capitán Prat	Aysén del General Carlos Ibáñez del Campo	700
11303	Tortel	Capitán Prat	Aysén del General Carlos Ibáñez del Campo	531
11401	Chile Chico	General Carrera	Aysén del General Carlos Ibáñez del Campo	5334
11402	Río Ibáñez	General Carrera	Aysén del General Carlos Ibáñez del Campo	2208
12101	Punta Arenas	Magallanes	Magallanes y Antártica Chilena	125483
12102	Laguna Blanca	Magallanes	Magallanes y Antártica Chilena	631
12103	Río Verde	Magallanes	Magallanes y Antártica Chilena	363
12104	San Gregorio	Magallanes	Magallanes y Antártica Chilena	731
12201	Cabo de Hornos	Antártica Chilena	Magallanes y Antártica Chilena	1677
12202	Antártica	Antártica Chilena	Magallanes y Antártica Chilena	127
12301	Porvenir	Tierra del Fuego	Magallanes y Antártica Chilena	5650
12302	Primavera	Tierra del Fuego	Magallanes y Antártica Chilena	803
12303	Timaukel	Tierra del Fuego	Magallanes y Antártica Chilena	873
12401	Natales	Última Esperanza	Magallanes y Antártica Chilena	21327
12402	Torres del Paine	Última Esperanza	Magallanes y Antártica Chilena	1163
13101	Santiago	Santiago	Metropolitana de Santiago	404495
13102	Cerrillos	Santiago	Metropolitana de Santiago	79195
13103	Cerro Navia	Santiago	Metropolitana de Santiago	128090
13104	Conchalí	Santiago	Metropolitana de Santiago	121118
13105	El Bosque	Santiago	Metropolitana de Santiago	162671
13106	Estación Central	Santiago	Metropolitana de Santiago	119292
13107	Huechuraba	Santiago	Metropolitana de Santiago	87667
13108	Independencia	Santiago	Metropolitana de Santiago	73874
13109	La Cisterna	Santiago	Metropolitana de Santiago	80910
13110	La Florida	Santiago	Metropolitana de Santiago	397497
13111	La Granja	Santiago	Metropolitana de Santiago	121214
13112	La Pintana	Santiago	Metropolitana de Santiago	202146
13113	La Reina	Santiago	Metropolitana de Santiago	91927
13114	Las Condes	Santiago	Metropolitana de Santiago	289949
13115	Lo Barnechea	Santiago	Metropolitana de Santiago	97230
13116	Lo Espejo	Santiago	Metropolitana de Santiago	99527
13117	Lo Prado	Santiago	Metropolitana de Santiago	94766
13118	Macul	Santiago	Metropolitana de Santiago	111436
13119	Maipú	Santiago	Metropolitana de Santiago	805000
13120	Ñuñoa	Santiago	Metropolitana de Santiago	195410
13121	Pedro Aguirre Cerda	Santiago	Metropolitana de Santiago	104018
13122	Peñalolén	Santiago	Metropolitana de Santiago	249621
13123	Providencia	Santiago	Metropolitana de Santiago	126487
13124	Pudahuel	Santiago	Metropolitana de Santiago	225509
13125	Quilicura	Santiago	Metropolitana de Santiago	203946
13126	Quinta Normal	Santiago	Metropolitana de Santiago	101737
13127	Recoleta	Santiago	Metropolitana de Santiago	152985
13128	Renca	Santiago	Metropolitana de Santiago	142136
13129	San Joaquín	Santiago	Metropolitana de Santiago	94255
13130	San Miguel	Santiago	Metropolitana de Santiago	90846
13131	San Ramón	Santiago	Metropolitana de Santiago	85195
13132	Vitacura	Santiago	Metropolitana de Santiago	84195
13201	Puente Alto	Cordillera	Metropolitana de Santiago	757721
13202	Pirque	Cordillera	Metropolitana de Santiago	20732
13203	San José de Maipo	Cordillera	Metropolitana de Santiago	14455
13301	Colina	Chacabuco	Metropolitana de Santiago	113340
13302	Lampa	Chacabuco	Metropolitana de Santiago	79421
13303	Til Til	Chacabuco	Metropolitana de Santiago	16405
13401	San Bernardo	Maipo	Metropolitana de Santiago	277802
13402	Buin	Maipo	Metropolitana de Santiago	74232
13403	Calera de Tango	Maipo	Metropolitana de Santiago	27781
13404	Paine	Maipo	Metropolitana de Santiago	0
13501	Melipilla	Melipilla	Metropolitana de Santiago	107698
13502	Alhué	Melipilla	Metropolitana de Santiago	4646
13503	Curacaví	Melipilla	Metropolitana de Santiago	28439
13504	María Pinto	Melipilla	Metropolitana de Santiago	12501
13505	San Pedro	Melipilla	Metropolitana de Santiago	8062
13601	Talagante	Talagante	Metropolitana de Santiago	78887
13602	El Monte	Talagante	Metropolitana de Santiago	32468
13603	Isla de Maipo	Talagante	Metropolitana de Santiago	33723
13604	Padre Hurtado	Talagante	Metropolitana de Santiago	50696
13605	Peñaflor	Talagante	Metropolitana de Santiago	87741
