05001	Medellín	05	Antioquia	6.24663	-75.58177	2650662	
05002	Abejorral	05	Antioquia	5.78932	-75.42874	21751	
05004	Abriaquí	05	Antioquia	6.63228	-76.06430	2903	
05021	Alejandría	05	Antioquia	6.37606	-75.14135	5015	
05030	Amagá	05	Antioquia	6.03871	-75.70219	32821	
05031	Amalfi	05	Antioquia	6.90965	-75.07750	28227	
05034	Andes	05	Antioquia	5.65719	-75.87883	46783	
05036	Angelópolis	05	Antioquia	6.10972	-75.71139	6204	
05038	Angostura	05	Antioquia	6.88518	-75.33512	12271	
05040	Anorí	05	Antioquia	7.07470	-75.14835	19933	
05042	Santafé de Antioquia	05	Antioquia	6.55648	-75.82665	28422	Santa Fé de Antioquia|Santa Fe de Antioquia
05044	Anzá	05	Antioquia	6.30264	-75.85444	7571	
05045	Apartadó	05	Antioquia	7.88297	-76.62528	133140	
05051	Arboletes	05	Antioquia	8.84932	-76.42671	32722	
05055	Argelia	05	Antioquia	5.73147	-75.14107	8132	
05059	Armenia	05	Antioquia	6.15567	-75.78665	5471	
05079	Barbosa	05	Antioquia	6.43919	-75.33163	56866	
05086	Belmira	05	Antioquia	6.60632	-75.66778	6479	
05088	Bello	05	Antioquia	6.33359	-75.55524	573769	
05091	Betania	05	Antioquia	5.74615	-75.97679	11029	
05093	Betulia	05	Antioquia	6.11521	-75.98445	16826	
05101	Ciudad Bolívar	05	Antioquia	5.85027	-76.02151	28074	
05107	Briceño	05	Antioquia	7.11280	-75.55036	8640	
05113	Buriticá	05	Antioquia	6.72076	-75.90700	10150	
05120	Cáceres	05	Antioquia	7.57837	-75.35205	31563	
05125	Caicedo	05	Antioquia	6.40561	-75.98293	9002	
05129	Caldas	05	Antioquia	6.09108	-75.63367	87216	
05134	Campamento	05	Antioquia	6.97977	-75.29809	9874	
05138	Cañasgordas	05	Antioquia	6.75386	-76.02823	16591	
05142	Caracolí	05	Antioquia	6.40983	-74.75742	4894	
05145	Caramanta	05	Antioquia	5.54853	-75.64387	5005	
05147	Carepa	05	Antioquia	7.75515	-76.65265	52854	
05148	El Carmen de Viboral	05	Antioquia	6.08289	-75.33390	65125	
05150	Carolina	05	Antioquia	6.72600	-75.28319	4264	
05154	Caucasia	05	Antioquia	7.97728	-75.19800	99102	
05172	Chigorodó	05	Antioquia	7.66615	-76.68153	63048	
05190	Cisneros	05	Antioquia	6.53783	-75.08705	10562	
05197	Cocorná	05	Antioquia	6.05830	-75.18548	16811	
05206	Concepción	05	Antioquia	6.39435	-75.25759	5116	
05209	Concordia	05	Antioquia	6.04574	-75.90845	23034	
05212	Copacabana	05	Antioquia	6.34856	-75.50938	85324	
05234	Dabeiba	05	Antioquia	6.99811	-76.26161	24900	
05237	Donmatías	05	Antioquia	6.48560	-75.39263	20634	
05240	Ebéjico	05	Antioquia	6.32561	-75.76641	12988	
05250	El Bagre	05	Antioquia	7.59750	-74.79910	57032	
05264	Entrerríos	05	Antioquia	6.56627	-75.51769	12225	
05266	Envigado	05	Antioquia	6.16669	-75.58219	251521	
05282	Fredonia	05	Antioquia	5.92804	-75.67507	26312	
05284	Frontino	05	Antioquia	6.77607	-76.13076	22204	
05306	Giraldo	05	Antioquia	6.68081	-75.95216	6027	
05308	Girardota	05	Antioquia	6.37947	-75.44424	56651	
05310	Gómez Plata	05	Antioquia	6.68327	-75.22002	10528	
05313	Granada	05	Antioquia	6.14289	-75.18445	10921	
05315	Guadalupe	05	Antioquia	6.81507	-75.23986	7077	
05318	Guarne	05	Antioquia	6.27787	-75.44161	60502	
05321	Guatapé	05	Antioquia	6.23246	-75.16004	9124	
05347	Heliconia	05	Antioquia	6.20676	-75.73432	5784	
05353	Hispania	05	Antioquia	5.79946	-75.90659	5923	
05360	Itagüí	05	Antioquia	6.17508	-75.61206	303251	
05361	Ituango	05	Antioquia	7.17163	-75.76467	29252	
05364	Jardín	05	Antioquia	5.59754	-75.81898	15734	
05368	Jericó	05	Antioquia	5.78975	-75.78550	14656	
05376	La Ceja	05	Antioquia	6.02806	-75.42943	71319	
05380	La Estrella	05	Antioquia	6.14524	-75.63771	78613	
05390	La Pintada	05	Antioquia	5.74381	-75.60781	8769	
05400	La Unión	05	Antioquia	5.97384	-75.36087	23373	
05411	Liborina	05	Antioquia	6.67732	-75.81284	10772	
05425	Maceo	05	Antioquia	6.55212	-74.78716	8844	
05440	Marinilla	05	Antioquia	6.17399	-75.33934	70819	
05467	Montebello	05	Antioquia	5.94631	-75.52345	7107	
05475	Murindó	05	Antioquia	6.97771	-76.81749	5377	
05480	Mutatá	05	Antioquia	7.24287	-76.43587	15214	
05483	Nariño	05	Antioquia	5.61078	-75.17626	10953	
05490	Necoclí	05	Antioquia	8.43453	-76.78727	46126	
05495	Nechí	05	Antioquia	8.09413	-74.77647	28268	
05501	Olaya	05	Antioquia	6.62649	-75.81177	3368	
05541	Peñol	05	Antioquia	6.21935	-75.24269	22894	
05543	Peque	05	Antioquia	7.02103	-75.91036	8758	
05576	Pueblorrico	05	Antioquia	5.79158	-75.83990	9333	
05579	Puerto Berrío	05	Antioquia	6.48703	-74.41002	42724	
05585	Puerto Nare	05	Antioquia	6.18602	-74.58301	15451	
05591	Puerto Triunfo	05	Antioquia	5.87132	-74.64119	19803	
05604	Remedios	05	Antioquia	7.02942	-74.69813	30916	
05607	Retiro	05	Antioquia	6.06245	-75.50130	25743	
05615	Rionegro	05	Antioquia	6.14715	-75.37732	148832	
05628	Sabanalarga	05	Antioquia	6.85003	-75.81664	9774	
05631	Sabaneta	05	Antioquia	6.14990	-75.61548	90793	
05642	Salgar	05	Antioquia	5.96420	-75.97681	19553	
05647	San Andrés de Cuerquía	05	Antioquia	6.91668	-75.67456	7760	
05649	San Carlos	05	Antioquia	6.18775	-74.98810	17206	
05652	San Francisco	05	Antioquia	5.96348	-75.10156	6077	
05656	San Jerónimo	05	Antioquia	6.44809	-75.72697	16711	
05658	San José de La Montaña	05	Antioquia	6.85009	-75.68335	3952	
05659	San Juan de Urabá	05	Antioquia	8.75896	-76.52857	21985	
05660	San Luis	05	Antioquia	6.04302	-74.99362	13988	
05664	San Pedro de Los Milagros	05	Antioquia	6.46012	-75.55674	23885	
05665	San Pedro de Urabá	05	Antioquia	8.27688	-76.38057	33603	
05667	San Rafael	05	Antioquia	6.29376	-75.02849	16850	
05670	San Roque	05	Antioquia	6.48594	-75.01911	23263	
05674	San Vicente	05	Antioquia	6.28216	-75.33262	23854	San Vicente Ferrer
05679	Santa Bárbara	05	Antioquia	5.87553	-75.56735	28219	
05686	Santa Rosa de Osos	05	Antioquia	6.64337	-75.46072	39580	
05690	Santo Domingo	05	Antioquia	6.47303	-75.16490	13245	
05697	El Santuario	05	Antioquia	6.13687	-75.26547	38634	
05736	Segovia	05	Antioquia	7.07965	-74.70160	41452	
05756	Sonsón	05	Antioquia	5.71485	-75.30960	39037	
05761	Sopetrán	05	Antioquia	6.50075	-75.74738	16294	
05789	Támesis	05	Antioquia	5.66465	-75.71443	17398	
05790	Tarazá	05	Antioquia	7.58013	-75.40141	29477	
05792	Tarso	05	Antioquia	5.86454	-75.82296	6628	
05809	Titiribí	05	Antioquia	6.06239	-75.79189	11523	
05819	Toledo	05	Antioquia	7.01033	-75.69228	5330	
05837	Turbo	05	Antioquia	8.08993	-76.72886	136324	
05842	Uramita	05	Antioquia	6.89839	-76.17328	7353	
05847	Urrao	05	Antioquia	6.31734	-76.13395	32582	
05854	Valdivia	05	Antioquia	7.16520	-75.43927	14896	
05856	Valparaíso	05	Antioquia	5.61456	-75.62445	7016	
05858	Vegachí	05	Antioquia	6.77353	-74.79871	12737	
05861	Venecia	05	Antioquia	5.96469	-75.73554	12463	
05873	Vigía del Fuerte	05	Antioquia	6.58816	-76.89600	9889	
05885	Yalí	05	Antioquia	6.67655	-74.84006	8208	
05887	Yarumal	05	Antioquia	6.96383	-75.41883	45033	
05890	Yolombó	05	Antioquia	6.59451	-75.01338	24332	
05893	Yondó	05	Antioquia	7.00396	-73.91245	20994	
05895	Zaragoza	05	Antioquia	7.48858	-74.86707	26551	
08001	Barranquilla	08	Atlántico	10.97796	-74.81555	1349138	
08078	Baranoa	08	Atlántico	10.79445	-74.91608	70565	
08137	Campo de La Cruz	08	Atlántico	10.37829	-74.88085	25341	
08141	Candelaria	08	Atlántico	10.46190	-74.87972	17919	
08296	Galapa	08	Atlántico	10.91903	-74.87038	69387	
08372	Juan de Acosta	08	Atlántico	10.83254	-75.04103	23836	
08421	Luruaco	08	Atlántico	10.61049	-75.14199	31539	
08433	Malambo	08	Atlántico	10.85709	-74.77692	145622	
08436	Manatí	08	Atlántico	10.44909	-74.95687	22129	
08520	Palmar de Varela	08	Atlántico	10.73859	-74.75477	32733	
08549	Piojó	08	Atlántico	10.74922	-75.10759	7395	
08558	Polonuevo	08	Atlántico	10.77736	-74.85298	20423	
08560	Ponedera	08	Atlántico	10.64178	-74.75388	27020	
08573	Puerto Colombia	08	Atlántico	11.01532	-74.88863	56118	
08606	Repelón	08	Atlántico	10.49336	-75.12553	29325	
08634	Sabanagrande	08	Atlántico	10.79245	-74.75950	36730	
08638	Sabanalarga	08	Atlántico	10.63209	-74.92126	105538	
08675	Santa Lucía	08	Atlántico	10.32430	-74.95920	18125	
08685	Santo Tomás	08	Atlántico	10.75873	-74.75786	33731	
08758	Soledad	08	Atlántico	10.90992	-74.78605	689898	
08770	Suan	08	Atlántico	10.33543	-74.88169	13342	
08832	Tubará	08	Atlántico	10.87359	-74.97870	19450	
08849	Usiacurí	08	Atlántico	10.74298	-74.97698	13835	
11001	Bogotá, D.C.	11	Bogotá, D.C.	4.64925	-74.10699	7935754	Bogotá|Bogota|Bogotá D.C.|Bogotá DC|Santafé de Bogotá
13001	Cartagena de Indias	13	Bolívar	10.38513	-75.49627	1071065	Cartagena
13006	Achí	13	Bolívar	8.57011	-74.55768	27731	
13030	Altos del Rosario	13	Bolívar	8.79186	-74.16491	12353	
13042	Arenal	13	Bolívar	8.45886	-73.94110	8103	
13052	Arjona	13	Bolívar	10.25666	-75.34433	76847	
13062	Arroyohondo	13	Bolívar	10.25008	-75.01922	8911	
13074	Barranco de Loba	13	Bolívar	8.94779	-74.10439	16517	
13140	Calamar	13	Bolívar	10.25043	-74.91614	25158	
13160	Cantagallo	13	Bolívar	7.37868	-73.91460	9186	
13188	Cicuco	13	Bolívar	9.27428	-74.64598	14911	
13212	Córdoba	13	Bolívar	9.58694	-74.82740	17809	
13222	Clemencia	13	Bolívar	10.56745	-75.32847	16467	
13244	El Carmen de Bolívar	13	Bolívar	9.71865	-75.12118	77507	
13248	El Guamo	13	Bolívar	10.03096	-74.97608	9610	
13268	El Peñón	13	Bolívar	8.98827	-73.94927	8250	
13300	Hatillo de Loba	13	Bolívar	8.95601	-74.07791	13436	
13430	Magangué	13	Bolívar	9.26380	-74.76674	148003	
13433	Mahates	13	Bolívar	10.23329	-75.19164	30743	
13440	Margarita	13	Bolívar	9.15784	-74.28514	11974	
13442	María La Baja	13	Bolívar	9.98240	-75.30052	51561	
13458	Montecristo	13	Bolívar	8.29723	-74.47118	18611	
13468	Mompós	13	Bolívar	9.24424	-74.42818	49407	Santa Cruz de Mompox|Mompox
13473	Morales	13	Bolívar	8.27656	-73.86817	25171	
13490	Norosí	13	Bolívar	8.52626	-74.03800	10991	
13549	Pinillos	13	Bolívar	8.91495	-74.46228	27027	
13580	Regidor	13	Bolívar	8.66626	-73.82164	7681	
13600	Río Viejo	13	Bolívar	8.58795	-73.84047	11687	
13620	San Cristóbal	13	Bolívar	10.39284	-75.06508	8849	
13647	San Estanislao	13	Bolívar	10.39860	-75.15310	20214	
13650	San Fernando	13	Bolívar	9.21418	-74.32381	14031	
13654	San Jacinto	13	Bolívar	9.83028	-75.12105	26217	
13655	San Jacinto del Cauca	13	Bolívar	8.25158	-74.72116	11245	
13657	San Juan Nepomuceno	13	Bolívar	9.95375	-75.08176	40848	
13667	San Martín de Loba	13	Bolívar	8.93749	-74.03913	16286	
13670	San Pablo	13	Bolívar	7.47675	-73.92460	30104	
13673	Santa Catalina	13	Bolívar	10.60529	-75.28785	16237	
13683	Santa Rosa	13	Bolívar	10.44440	-75.36982	23166	
13688	Santa Rosa del Sur	13	Bolívar	7.96394	-74.05224	36514	
13744	Simití	13	Bolívar	7.95392	-73.94726	20322	
13760	Soplaviento	13	Bolívar	10.38839	-75.13640	11750	
13780	Talaigua Nuevo	13	Bolívar	9.30403	-74.56748	14144	
13810	Tiquisio	13	Bolívar	8.55867	-74.26292	19866	
13836	Turbaco	13	Bolívar	10.34832	-75.42725	116810	
13838	Turbaná	13	Bolívar	10.27459	-75.44265	18114	
13873	Villanueva	13	Bolívar	10.44409	-75.27561	26261	
13894	Zambrano	13	Bolívar	9.74631	-74.81788	13043	
15001	Tunja	15	Boyacá	5.53988	-73.35554	190498	
15022	Almeida	15	Boyacá	4.97086	-73.37893	2097	
15047	Aquitania	15	Boyacá	5.51860	-72.88399	16780	
15051	Arcabuco	15	Boyacá	5.75567	-73.43750	6448	
15087	Belén	15	Boyacá	5.98923	-72.91164	8137	
15090	Berbeo	15	Boyacá	5.22745	-73.12721	1722	
15092	Betéitiva	15	Boyacá	5.90998	-72.80901	2105	
15097	Boavita	15	Boyacá	6.33070	-72.58491	5523	
15104	Boyacá	15	Boyacá	5.45458	-73.36195	5556	
15106	Briceño	15	Boyacá	5.69088	-73.92326	2360	
15109	Buenavista	15	Boyacá	5.51259	-73.94217	4772	
15114	Busbanzá	15	Boyacá	5.83139	-72.88416	1233	
15131	Caldas	15	Boyacá	5.55458	-73.86555	3391	
15135	Campohermoso	15	Boyacá	5.03168	-73.10417	3343	
15162	Cerinza	15	Boyacá	5.95594	-72.94792	4024	
15172	Chinavita	15	Boyacá	5.16749	-73.36848	3467	
15176	Chiquinquirá	15	Boyacá	5.61379	-73.81875	61804	
15180	Chiscas	15	Boyacá	6.55314	-72.50096	4279	
15183	Chita	15	Boyacá	6.18708	-72.47189	8544	
15185	Chitaraque	15	Boyacá	6.02743	-73.44710	6346	
15187	Chivatá	15	Boyacá	5.55895	-73.28253	3052	
15189	Ciénega	15	Boyacá	5.40869	-73.29605	5044	
15204	Cómbita	15	Boyacá	5.63455	-73.32396	14306	
15212	Coper	15	Boyacá	5.47507	-74.04564	3914	
15215	Corrales	15	Boyacá	5.82806	-72.84480	2729	
15218	Covarachía	15	Boyacá	6.50018	-72.73898	2992	
15223	Cubará	15	Boyacá	6.99728	-72.10794	11494	
15224	Cucaita	15	Boyacá	5.54445	-73.45434	4084	
15226	Cuítiva	15	Boyacá	5.58037	-72.96592	1957	
15232	Chíquiza	15	Boyacá	5.63983	-73.44946	5119	
15236	Chivor	15	Boyacá	4.88817	-73.36840	2696	
15238	Duitama	15	Boyacá	5.82296	-73.03063	135198	
15244	El Cocuy	15	Boyacá	6.40774	-72.44454	4534	
15248	El Espino	15	Boyacá	6.48303	-72.49701	3292	
15272	Firavitoba	15	Boyacá	5.66889	-72.99339	7337	
15276	Floresta	15	Boyacá	5.85952	-72.91811	3507	
15293	Gachantivá	15	Boyacá	5.75189	-73.54909	3018	
15296	Gámeza	15	Boyacá	5.80233	-72.80553	5271	
15299	Garagoa	15	Boyacá	5.08323	-73.36441	19755	
15317	Guacamayas	15	Boyacá	6.45967	-72.50081	1987	
15322	Guateque	15	Boyacá	5.00732	-73.47121	11741	
15325	Guayatá	15	Boyacá	4.96712	-73.48970	3605	
15332	Güicán de La Sierra	15	Boyacá	6.46286	-72.41176	4605	
15362	Iza	15	Boyacá	5.61158	-72.97956	2142	
15367	Jenesano	15	Boyacá	5.38581	-73.36374	7889	
15368	Jericó	15	Boyacá	6.14574	-72.57112	4251	
15377	Labranzagrande	15	Boyacá	5.56269	-72.57777	3796	
15380	La Capilla	15	Boyacá	5.09569	-73.44435	2906	
15401	La Victoria	15	Boyacá	5.52379	-74.23439	1216	
15403	La Uvita	15	Boyacá	6.31616	-72.55998	3276	
15407	Villa de Leyva	15	Boyacá	5.63246	-73.52495	17941	
15425	Macanal	15	Boyacá	4.97246	-73.31959	5441	
15442	Maripí	15	Boyacá	5.55009	-74.00405	6192	
15455	Miraflores	15	Boyacá	5.19651	-73.14563	9662	
15464	Mongua	15	Boyacá	5.75424	-72.79809	5027	
15466	Monguí	15	Boyacá	5.72349	-72.84929	4582	
15469	Moniquirá	15	Boyacá	5.87633	-73.57337	24792	
15476	Motavita	15	Boyacá	5.57770	-73.36784	6124	
15480	Muzo	15	Boyacá	5.53276	-74.10269	9290	
15491	Nobsa	15	Boyacá	5.76805	-72.93704	17635	
15494	Nuevo Colón	15	Boyacá	5.35532	-73.45676	5599	
15500	Oicatá	15	Boyacá	5.59523	-73.30840	3101	
15507	Otanche	15	Boyacá	5.65754	-74.18097	8778	
15511	Pachavita	15	Boyacá	5.14006	-73.39695	2642	
15514	Páez	15	Boyacá	5.09732	-73.05274	3542	
15516	Paipa	15	Boyacá	5.77989	-73.11782	37096	
15518	Pajarito	15	Boyacá	5.29378	-72.70323	2585	
15522	Panqueba	15	Boyacá	6.44342	-72.45942	1852	
15531	Pauna	15	Boyacá	5.65632	-73.97845	7772	
15533	Paya	15	Boyacá	5.62570	-72.42378	2832	
15537	Paz de Río	15	Boyacá	5.98764	-72.74914	4597	
15542	Pesca	15	Boyacá	5.55881	-73.05087	7324	
15550	Pisba	15	Boyacá	5.72141	-72.48602	1903	
15572	Puerto Boyacá	15	Boyacá	5.97665	-74.58778	51582	
15580	Quípama	15	Boyacá	5.52055	-74.18003	5358	
15599	Ramiriquí	15	Boyacá	5.40030	-73.33484	10847	
15600	Ráquira	15	Boyacá	5.53914	-73.63254	8688	
15621	Rondón	15	Boyacá	5.35738	-73.20847	2585	
15632	Saboyá	15	Boyacá	5.69776	-73.76446	14899	
15638	Sáchica	15	Boyacá	5.58430	-73.54254	6023	
15646	Samacá	15	Boyacá	5.49216	-73.48559	20207	
15660	San Eduardo	15	Boyacá	5.22401	-73.07775	1818	
15664	San José de Pare	15	Boyacá	6.01892	-73.54540	5422	
15667	San Luis de Gaceno	15	Boyacá	4.81976	-73.16808	5963	
15673	San Mateo	15	Boyacá	6.40168	-72.55526	3647	
15676	San Miguel de Sema	15	Boyacá	5.51808	-73.72201	3261	
15681	San Pablo de Borbur	15	Boyacá	5.65074	-74.06996	7216	
15686	Santana	15	Boyacá	6.05687	-73.48164	8307	
15690	Santa María	15	Boyacá	4.85719	-73.26352	3805	
15693	Santa Rosa de Viterbo	15	Boyacá	5.87455	-72.98246	14390	
15696	Santa Sofía	15	Boyacá	5.71327	-73.60271	3467	
15720	Sativanorte	15	Boyacá	6.13113	-72.70846	2366	
15723	Sativasur	15	Boyacá	6.09318	-72.71243	1177	
15740	Siachoque	15	Boyacá	5.51181	-73.24466	7335	
15753	Soatá	15	Boyacá	6.33195	-72.68405	9687	
15755	Socotá	15	Boyacá	6.04116	-72.63665	7835	
15757	Socha	15	Boyacá	5.99672	-72.69196	8669	
15759	Sogamoso	15	Boyacá	5.72398	-72.92436	140193	
15761	Somondoco	15	Boyacá	4.98573	-73.43339	3120	
15762	Sora	15	Boyacá	5.56684	-73.45015	3312	
15763	Sotaquirá	15	Boyacá	5.76499	-73.24658	8943	
15764	Soracá	15	Boyacá	5.50090	-73.33280	6547	
15774	Susacón	15	Boyacá	6.23033	-72.69029	2909	
15776	Sutamarchán	15	Boyacá	5.61978	-73.62054	6714	
15778	Sutatenza	15	Boyacá	5.02299	-73.45232	4619	
15790	Tasco	15	Boyacá	5.90982	-72.78101	6347	
15798	Tenza	15	Boyacá	5.07678	-73.42118	4163	
15804	Tibaná	15	Boyacá	5.31725	-73.39646	9865	
15806	Tibasosa	15	Boyacá	5.74723	-72.99945	14327	
15808	Tinjacá	15	Boyacá	5.57971	-73.64685	3586	
15810	Tipacoque	15	Boyacá	6.41920	-72.69173	3575	
15814	Toca	15	Boyacá	5.56646	-73.18479	9621	
15816	Togüí	15	Boyacá	5.93744	-73.51365	4699	
15820	Tópaga	15	Boyacá	5.76820	-72.83225	3944	
15822	Tota	15	Boyacá	5.56050	-72.98590	5669	
15832	Tununguá	15	Boyacá	5.73058	-73.93315	1668	
15835	Turmequé	15	Boyacá	5.32326	-73.49183	6658	
15837	Tuta	15	Boyacá	5.68908	-73.23028	9083	
15839	Tutazá	15	Boyacá	6.03261	-72.85604	2220	
15842	Úmbita	15	Boyacá	5.22118	-73.45692	8193	
15861	Ventaquemada	15	Boyacá	5.36874	-73.52237	17330	
15879	Viracachá	15	Boyacá	5.43683	-73.29689	3075	
15897	Zetaquira	15	Boyacá	5.28344	-73.17098	5025	
17001	Manizales	17	Caldas	5.05766	-75.49102	461278	
17013	Aguadas	17	Caldas	5.61024	-75.45487	23725	
17042	Anserma	17	Caldas	5.23647	-75.78434	37939	
17050	Aranzazu	17	Caldas	5.27119	-75.49129	10955	
17088	Belalcázar	17	Caldas	4.99378	-75.81192	11041	
17174	Chinchiná	17	Caldas	4.98523	-75.60753	54102	
17272	Filadelfia	17	Caldas	5.29709	-75.56247	11839	
17380	La Dorada	17	Caldas	5.46083	-74.66882	76174	
17388	La Merced	17	Caldas	5.39647	-75.54649	6351	
17433	Manzanares	17	Caldas	5.25570	-75.15283	18959	
17442	Marmato	17	Caldas	5.47422	-75.60005	9372	
17444	Marquetalia	17	Caldas	5.29753	-75.05310	13813	
17446	Marulanda	17	Caldas	5.28430	-75.25972	2772	
17486	Neira	17	Caldas	5.16690	-75.52001	21837	
17495	Norcasia	17	Caldas	5.57480	-74.88954	6188	
17513	Pácora	17	Caldas	5.52717	-75.45962	15924	
17524	Palestina	17	Caldas	5.01788	-75.62458	16204	
17541	Pensilvania	17	Caldas	5.38328	-75.16030	20517	
17614	Riosucio	17	Caldas	5.42367	-75.70210	54614	
17616	Risaralda	17	Caldas	5.16451	-75.76722	11443	
17653	Salamina	17	Caldas	5.40303	-75.48722	20260	
17662	Samaná	17	Caldas	5.41308	-74.99226	21615	
17665	San José	17	Caldas	5.08231	-75.79206	5014	
17777	Supía	17	Caldas	5.44684	-75.64966	30260	
17867	Victoria	17	Caldas	5.31744	-74.91124	10618	
17873	Villamaría	17	Caldas	5.03892	-75.50249	69760	
17877	Viterbo	17	Caldas	5.06266	-75.87061	13351	
18001	Florencia	18	Caquetá	1.61820	-75.60983	181301	
18029	Albania	18	Caquetá	1.32853	-75.87838	4852	
18094	Belén de Los Andaquíes	18	Caquetá	1.41581	-75.87241	11698	
18150	Cartagena del Chairá	18	Caquetá	1.33237	-74.84787	33203	
18205	Curillo	18	Caquetá	1.03347	-75.91921	8195	
18247	El Doncello	18	Caquetá	1.67995	-75.28363	20597	
18256	El Paujíl	18	Caquetá	1.57023	-75.32609	19533	
18410	La Montañita	18	Caquetá	1.47917	-75.43641	15812	
18460	Milán	18	Caquetá	1.29021	-75.50693	10479	
18479	Morelia	18	Caquetá	1.48661	-75.72415	3964	
18592	Puerto Rico	18	Caquetá	1.90906	-75.15760	28245	
18610	San José del Fragua	18	Caquetá	1.33027	-75.97380	13960	
18753	San Vicente del Caguán	18	Caquetá	2.11941	-74.76789	55251	
18756	Solano	18	Caquetá	0.69908	-75.25370	12270	
18785	Solita	18	Caquetá	0.87654	-75.61990	6448	
18860	Valparaíso	18	Caquetá	1.19462	-75.70671	7439	
19001	Popayán	19	Cauca	2.45964	-76.59938	349671	
19022	Almaguer	19	Cauca	1.91343	-76.85607	20065	
19050	Argelia	19	Cauca	2.25743	-77.24905	28674	
19075	Balboa	19	Cauca	2.04100	-77.21577	23094	
19100	Bolívar	19	Cauca	1.83754	-76.96622	40441	
19110	Buenos Aires	19	Cauca	3.01538	-76.64224	36703	
19130	Cajibío	19	Cauca	2.62337	-76.57068	45908	
19137	Caldono	19	Cauca	2.79806	-76.48432	44032	
19142	Caloto	19	Cauca	3.03453	-76.40894	32050	
19212	Corinto	19	Cauca	3.17385	-76.26187	27658	
19256	El Tambo	19	Cauca	2.45141	-76.81091	58884	
19290	Florencia	19	Cauca	1.68253	-77.07255	5623	
19300	Guachené	19	Cauca	3.13415	-76.39219	20970	
19318	Guapi	19	Cauca	2.57134	-77.88797	30117	
19355	Inzá	19	Cauca	2.54918	-76.06350	31706	
19364	Jambaló	19	Cauca	2.77783	-76.32388	19648	
19392	La Sierra	19	Cauca	2.17938	-76.76328	11639	
19397	La Vega	19	Cauca	2.00180	-76.77877	26805	
19418	López de Micay	19	Cauca	2.84679	-77.24780	20353	
19450	Mercaderes	19	Cauca	1.78919	-77.16432	25794	
19455	Miranda	19	Cauca	3.25465	-76.22872	34415	
19473	Morales	19	Cauca	2.75468	-76.62911	42787	
19513	Padilla	19	Cauca	3.22098	-76.31327	10831	
19517	Páez	19	Cauca	2.64572	-75.97069	50514	
19532	Patía	19	Cauca	2.11587	-76.98108	40190	
19533	Piamonte	19	Cauca	1.11754	-76.32759	10020	
19548	Piendamó - Tunía	19	Cauca	2.64228	-76.52862	44820	
19573	Puerto Tejada	19	Cauca	3.23325	-76.41767	45470	
19585	Puracé	19	Cauca	2.34151	-76.49670	18981	
19622	Rosas	19	Cauca	2.26094	-76.74034	12520	
19693	San Sebastián	19	Cauca	1.83845	-76.76947	11992	
19698	Santander de Quilichao	19	Cauca	3.01501	-76.48514	120169	
19701	Santa Rosa	19	Cauca	1.70092	-76.57325	5785	
19743	Silvia	19	Cauca	2.61193	-76.37975	41149	
19760	Sotará Paispamba	19	Cauca	2.25316	-76.61337	15304	Sotará - Paispamba
19780	Suárez	19	Cauca	2.95979	-76.69357	34710	
19785	Sucre	19	Cauca	2.03824	-76.92628	10243	
19807	Timbío	19	Cauca	2.34969	-76.68448	38838	
19809	Timbiquí	19	Cauca	2.77731	-77.66754	28647	
19821	Toribío	19	Cauca	2.95302	-76.27028	38314	
19824	Totoró	19	Cauca	2.51025	-76.40363	27071	
19845	Villa Rica	19	Cauca	3.17762	-76.45803	22540	
20001	Valledupar	20	Cesar	10.46047	-73.25940	582104	
20011	Aguachica	20	Cesar	8.30681	-73.61403	131899	
20013	Agustín Codazzi	20	Cesar	10.04045	-73.23839	72906	
20032	Astrea	20	Cesar	9.49806	-73.97584	23943	
20045	Becerril	20	Cesar	9.70440	-73.27871	25872	
20060	Bosconia	20	Cesar	9.97510	-73.88876	48134	
20175	Chimichagua	20	Cesar	9.25875	-73.81328	40763	
20178	Chiriguaná	20	Cesar	9.36106	-73.59991	33186	
20228	Curumaní	20	Cesar	9.20172	-73.54084	44737	
20238	El Copey	20	Cesar	10.14988	-73.96270	35970	
20250	El Paso	20	Cesar	9.66846	-73.74201	44737	
20295	Gamarra	20	Cesar	8.32479	-73.73756	17918	
20310	González	20	Cesar	8.38960	-73.38004	5030	
20383	La Gloria	20	Cesar	8.61930	-73.80321	20498	
20400	La Jagua de Ibirico	20	Cesar	9.56375	-73.33414	55726	
20443	Manaure Balcón del Cesar	20	Cesar	10.39078	-73.02947	12103	
20517	Pailitas	20	Cesar	8.95940	-73.62583	22225	
20550	Pelaya	20	Cesar	8.68945	-73.66674	24819	
20570	Pueblo Bello	20	Cesar	10.41732	-73.58621	32128	
20614	Río de Oro	20	Cesar	8.29229	-73.38639	20104	
20621	La Paz	20	Cesar	10.38755	-73.17136	33243	
20710	San Alberto	20	Cesar	7.76111	-73.39389	31460	
20750	San Diego	20	Cesar	10.33304	-73.18121	22685	
20770	San Martín	20	Cesar	7.99986	-73.51091	31866	
20787	Tamalameque	20	Cesar	8.86172	-73.81217	18282	
23001	Montería	23	Córdoba	8.75979	-75.87310	535052	
23068	Ayapel	23	Córdoba	8.31384	-75.14605	49917	
23079	Buenavista	23	Córdoba	8.22119	-75.48090	23144	
23090	Canalete	23	Córdoba	8.78694	-76.24148	16813	
23162	Cereté	23	Córdoba	8.88853	-75.79609	115840	
23168	Chimá	23	Córdoba	9.14970	-75.62689	19302	
23182	Chinú	23	Córdoba	9.10547	-75.39963	52451	
23189	Ciénaga de Oro	23	Córdoba	8.87579	-75.62081	64694	
23300	Cotorra	23	Córdoba	9.03716	-75.79922	20906	
23350	La Apartada	23	Córdoba	8.05012	-75.33603	16073	
23417	Lorica	23	Córdoba	9.24079	-75.81608	119956	
23419	Los Córdobas	23	Córdoba	8.89210	-76.35518	20667	
23464	Momil	23	Córdoba	9.24071	-75.67796	21403	
23466	Montelíbano	23	Córdoba	7.97378	-75.41682	87702	
23500	Moñitos	23	Córdoba	9.24522	-76.12910	32901	
23555	Planeta Rica	23	Córdoba	8.40820	-75.58324	69885	
23570	Pueblo Nuevo	23	Córdoba	8.50410	-75.50804	39239	
23574	Puerto Escondido	23	Córdoba	9.00537	-76.26041	26129	
23580	Puerto Libertador	23	Córdoba	7.88886	-75.67176	46067	
23586	Purísima de La Concepción	23	Córdoba	9.23930	-75.72499	18861	
23660	Sahagún	23	Córdoba	8.94305	-75.44583	117837	
23670	San Andrés Sotavento	23	Córdoba	9.14545	-75.50879	51557	San Andrés de Sotavento
23672	San Antero	23	Córdoba	9.37643	-75.76112	37112	
23675	San Bernardo del Viento	23	Córdoba	9.35247	-75.95511	40707	
23678	San Carlos	23	Córdoba	8.79928	-75.69880	29652	
23682	San José de Uré	23	Córdoba	7.78730	-75.53348	14951	
23686	San Pelayo	23	Córdoba	8.95844	-75.83562	55832	
23807	Tierralta	23	Córdoba	8.17061	-76.05980	101341	
23815	Tuchín	23	Córdoba	9.18662	-75.55396	57675	
23855	Valencia	23	Córdoba	8.25502	-76.15076	39130	
25001	Agua de Dios	25	Cundinamarca	4.37531	-74.66922	14933	
25019	Albán	25	Cundinamarca	4.87802	-74.43826	8199	
25035	Anapoima	25	Cundinamarca	4.56274	-74.52868	18740	
25040	Anolaima	25	Cundinamarca	4.76170	-74.46384	17561	
25053	Arbeláez	25	Cundinamarca	4.27253	-74.41490	13315	
25086	Beltrán	25	Cundinamarca	4.80283	-74.74167	2261	
25095	Bituima	25	Cundinamarca	4.87217	-74.53961	3103	
25099	Bojacá	25	Cundinamarca	4.73721	-74.34459	12897	
25120	Cabrera	25	Cundinamarca	3.98516	-74.48455	6017	
25123	Cachipay	25	Cundinamarca	4.73096	-74.43571	12722	
25126	Cajicá	25	Cundinamarca	4.92001	-74.02298	107533	
25148	Caparrapí	25	Cundinamarca	5.34758	-74.49104	15677	
25151	Cáqueza	25	Cundinamarca	4.40411	-73.94647	21754	
25154	Carmen de Carupa	25	Cundinamarca	5.34912	-73.90136	9525	
25168	Chaguaní	25	Cundinamarca	4.94892	-74.59346	5238	
25175	Chía	25	Cundinamarca	4.86651	-74.05000	172937	
25178	Chipaque	25	Cundinamarca	4.44267	-74.04488	12029	
25181	Choachí	25	Cundinamarca	4.52705	-73.92289	13905	
25183	Chocontá	25	Cundinamarca	5.14522	-73.68353	26409	
25200	Cogua	25	Cundinamarca	5.06184	-73.97850	28480	
25214	Cota	25	Cundinamarca	4.81256	-74.10257	42636	
25224	Cucunubá	25	Cundinamarca	5.24979	-73.76611	9740	
25245	El Colegio	25	Cundinamarca	4.57795	-74.44226	30819	
25258	El Peñón	25	Cundinamarca	5.24875	-74.29021	5813	
25260	El Rosal	25	Cundinamarca	4.85059	-74.26310	27405	
25269	Facatativá	25	Cundinamarca	4.81335	-74.35009	182095	
25279	Fómeque	25	Cundinamarca	4.48547	-73.89252	15274	
25281	Fosca	25	Cundinamarca	4.33909	-73.93902	7260	
25286	Funza	25	Cundinamarca	4.71041	-74.20153	122017	
25288	Fúquene	25	Cundinamarca	5.40400	-73.79586	6191	
25290	Fusagasugá	25	Cundinamarca	4.33672	-74.37543	180541	
25293	Gachalá	25	Cundinamarca	4.69358	-73.52016	5447	
25295	Gachancipá	25	Cundinamarca	4.99095	-73.87346	21909	
25297	Gachetá	25	Cundinamarca	4.81641	-73.63638	10458	
25299	Gama	25	Cundinamarca	4.76333	-73.61104	3885	
25307	Girardot	25	Cundinamarca	4.31307	-74.79820	130715	
25312	Granada	25	Cundinamarca	4.51976	-74.35077	8934	
25317	Guachetá	25	Cundinamarca	5.38338	-73.68697	16983	
25320	Guaduas	25	Cundinamarca	5.07208	-74.60340	39242	
25322	Guasca	25	Cundinamarca	4.86672	-73.87714	19687	
25324	Guataquí	25	Cundinamarca	4.51752	-74.79006	3636	
25326	Guatavita	25	Cundinamarca	4.93521	-73.83293	8064	
25328	Guayabal de Síquima	25	Cundinamarca	4.87797	-74.46744	5673	
25335	Guayabetal	25	Cundinamarca	4.21531	-73.81511	7973	
25339	Gutiérrez	25	Cundinamarca	4.25468	-74.00304	4294	
25368	Jerusalén	25	Cundinamarca	4.56227	-74.69547	2824	
25372	Junín	25	Cundinamarca	4.79057	-73.66296	7234	
25377	La Calera	25	Cundinamarca	4.72110	-73.96816	38626	
25386	La Mesa	25	Cundinamarca	4.63103	-74.46159	42367	
25394	La Palma	25	Cundinamarca	5.35882	-74.39102	11834	
25398	La Peña	25	Cundinamarca	5.19895	-74.39410	7367	
25402	La Vega	25	Cundinamarca	4.99777	-74.33688	21915	
25407	Lenguazaque	25	Cundinamarca	5.30613	-73.71151	12827	
25426	Machetá	25	Cundinamarca	5.08007	-73.60823	7614	
25430	Madrid	25	Cundinamarca	4.73279	-74.26585	147174	
25436	Manta	25	Cundinamarca	5.00901	-73.54044	4621	
25438	Medina	25	Cundinamarca	4.50630	-73.34845	9941	
25473	Mosquera	25	Cundinamarca	4.70653	-74.22115	163445	
25483	Nariño	25	Cundinamarca	4.39984	-74.82473	2992	
25486	Nemocón	25	Cundinamarca	5.06870	-73.87789	17028	
25488	Nilo	25	Cundinamarca	4.30584	-74.62001	13905	
25489	Nimaima	25	Cundinamarca	5.12599	-74.38604	4498	
25491	Nocaima	25	Cundinamarca	5.06947	-74.37909	7747	
25506	Venecia	25	Cundinamarca	4.08906	-74.47830	5319	
25513	Pacho	25	Cundinamarca	5.13691	-74.15613	31093	
25518	Paime	25	Cundinamarca	5.37049	-74.15221	5168	
25524	Pandi	25	Cundinamarca	4.19039	-74.48664	6308	
25530	Paratebueno	25	Cundinamarca	4.37483	-73.21282	10763	
25535	Pasca	25	Cundinamarca	4.30898	-74.30228	11520	
25572	Puerto Salgar	25	Cundinamarca	5.46541	-74.65369	19883	
25580	Pulí	25	Cundinamarca	4.68202	-74.71438	4189	
25592	Quebradanegra	25	Cundinamarca	5.11808	-74.48014	5905	
25594	Quetame	25	Cundinamarca	4.32988	-73.86321	6380	
25596	Quipile	25	Cundinamarca	4.74481	-74.53370	7790	
25599	Apulo	25	Cundinamarca	4.52030	-74.59393	10454	
25612	Ricaurte	25	Cundinamarca	4.28211	-74.77286	16752	
25645	San Antonio del Tequendama	25	Cundinamarca	4.61614	-74.35144	15107	
25649	San Bernardo	25	Cundinamarca	4.17943	-74.42296	10614	
25653	San Cayetano	25	Cundinamarca	5.33294	-74.02475	6058	
25658	San Francisco	25	Cundinamarca	4.97292	-74.28967	13866	
25662	San Juan de Rioseco	25	Cundinamarca	4.84757	-74.62192	10271	
25718	Sasaima	25	Cundinamarca	4.96217	-74.43263	13680	
25736	Sesquilé	25	Cundinamarca	5.04476	-73.79610	14750	
25740	Sibaté	25	Cundinamarca	4.49263	-74.25787	43474	
25743	Silvania	25	Cundinamarca	4.38198	-74.40553	27740	
25745	Simijaca	25	Cundinamarca	5.50523	-73.85070	16561	
25754	Soacha	25	Cundinamarca	4.57927	-74.21546	850916	
25758	Sopó	25	Cundinamarca	4.91540	-73.94333	33653	
25769	Subachoque	25	Cundinamarca	4.92912	-74.17277	19078	
25772	Suesca	25	Cundinamarca	5.10349	-73.79823	21988	
25777	Supatá	25	Cundinamarca	5.06162	-74.23540	6603	
25779	Susa	25	Cundinamarca	5.45529	-73.81394	8203	
25781	Sutatausa	25	Cundinamarca	5.24748	-73.85316	7563	
25785	Tabio	25	Cundinamarca	4.91683	-74.09646	28075	
25793	Tausa	25	Cundinamarca	5.19633	-73.88781	10263	
25797	Tena	25	Cundinamarca	4.65529	-74.38919	12269	
25799	Tenjo	25	Cundinamarca	4.87201	-74.14372	28422	
25805	Tibacuy	25	Cundinamarca	4.34861	-74.45266	5485	
25807	Tibirita	25	Cundinamarca	5.05228	-73.50451	3971	
25815	Tocaima	25	Cundinamarca	4.45928	-74.63630	20019	
25817	Tocancipá	25	Cundinamarca	4.96464	-73.91207	50926	
25823	Topaipí	25	Cundinamarca	5.33622	-74.30063	5144	
25839	Ubalá	25	Cundinamarca	4.74762	-73.53149	9495	
25841	Ubaque	25	Cundinamarca	4.48379	-73.93348	8467	
25843	Villa de San Diego de Ubaté	25	Cundinamarca	5.30746	-73.81437	55305	
25845	Une	25	Cundinamarca	4.40245	-74.02518	8813	
25851	Útica	25	Cundinamarca	5.19055	-74.48315	5367	
25862	Vergara	25	Cundinamarca	5.11726	-74.34616	8520	
25867	Vianí	25	Cundinamarca	4.87521	-74.56132	5552	
25871	Villagómez	25	Cundinamarca	5.27302	-74.19514	2197	
25873	Villapinzón	25	Cundinamarca	5.21639	-73.59570	21951	
25875	Villeta	25	Cundinamarca	5.01275	-74.46969	34596	
25878	Viotá	25	Cundinamarca	4.43935	-74.52313	16672	
25885	Yacopí	25	Cundinamarca	5.45927	-74.33806	15281	
25898	Zipacón	25	Cundinamarca	4.75993	-74.37957	5958	
25899	Zipaquirá	25	Cundinamarca	5.02548	-73.99444	170147	
27001	Quibdó	27	Chocó	5.68217	-76.63814	148945	
27006	Acandí	27	Chocó	8.51218	-77.27995	16354	
27025	Alto Baudó	27	Chocó	5.51622	-76.97437	32170	
27050	Atrato	27	Chocó	5.53142	-76.63567	7073	
27073	Bagadó	27	Chocó	5.40968	-76.41606	12076	
27075	Bahía Solano	27	Chocó	6.22281	-77.40136	11841	
27077	Bajo Baudó	27	Chocó	4.95458	-77.36572	34936	
27099	Bojayá	27	Chocó	6.55971	-76.88677	14143	
27135	El Cantón del San Pablo	27	Chocó	5.33532	-76.72684	7133	
27150	Carmen del Darién	27	Chocó	7.15829	-76.97080	22751	
27160	Cértegui	27	Chocó	5.37137	-76.60762	6389	
27205	Condoto	27	Chocó	5.09100	-76.65068	14419	
27245	El Carmen de Atrato	27	Chocó	5.89979	-76.14211	9568	
27250	El Litoral del San Juan	27	Chocó	4.25956	-77.36370	26183	
27361	Istmina	27	Chocó	5.15395	-76.68518	34957	
27372	Juradó	27	Chocó	7.10362	-77.76275	7739	
27413	Lloró	27	Chocó	5.49789	-76.54515	10864	
27425	Medio Atrato	27	Chocó	5.99493	-76.78304	13290	
27430	Medio Baudó	27	Chocó	5.19247	-76.95089	17396	
27450	Medio San Juan	27	Chocó	5.09829	-76.69441	12105	
27491	Nóvita	27	Chocó	4.95606	-76.60947	10715	
27495	Nuquí	27	Chocó	5.70981	-77.26551	18732	
27580	Río Iró	27	Chocó	5.18630	-76.47293	6072	
27600	Río Quito	27	Chocó	5.48367	-76.74068	9436	
27615	Riosucio	27	Chocó	7.43670	-77.11316	65641	
27660	San José del Palmar	27	Chocó	4.89695	-76.23423	5907	
27745	Sipí	27	Chocó	4.65262	-76.64345	3714	
27787	Tadó	27	Chocó	5.26487	-76.55857	20758	
27800	Unguía	27	Chocó	8.04406	-77.09254	14997	
27810	Unión Panamericana	27	Chocó	5.28111	-76.63014	7736	
41001	Neiva	41	Huila	2.93543	-75.27733	392009	
41006	Acevedo	41	Huila	1.80517	-75.88871	27728	
41013	Agrado	41	Huila	2.25987	-75.77202	9709	
41016	Aipe	41	Huila	3.22400	-75.23902	17902	
41020	Algeciras	41	Huila	2.52167	-75.31539	24858	
41026	Altamira	41	Huila	2.06384	-75.78847	4723	
41078	Baraya	41	Huila	3.15220	-75.05484	9168	
41132	Campoalegre	41	Huila	2.68677	-75.32575	34235	
41206	Colombia	41	Huila	3.37675	-74.80281	7964	
41244	Elías	41	Huila	2.01285	-75.93830	4672	
41298	Garzón	41	Huila	2.19649	-75.62706	80437	
41306	Gigante	41	Huila	2.38403	-75.54768	27225	
41319	Guadalupe	41	Huila	2.02426	-75.75719	19936	
41349	Hobo	41	Huila	2.58081	-75.44770	8017	
41357	Íquira	41	Huila	2.64936	-75.63450	10281	
41359	Isnos	41	Huila	1.92947	-76.21764	28148	
41378	La Argentina	41	Huila	2.19850	-75.97976	14362	
41396	La Plata	41	Huila	2.38926	-75.89125	67921	
41483	Nátaga	41	Huila	2.54510	-75.80876	7186	
41503	Oporapa	41	Huila	2.02509	-75.99517	12980	
41518	Paicol	41	Huila	2.44965	-75.77316	7329	
41524	Palermo	41	Huila	2.88965	-75.43530	29177	
41530	Palestina	41	Huila	1.72372	-76.13325	12505	
41548	Pital	41	Huila	2.26662	-75.80454	15312	
41551	Pitalito	41	Huila	1.85263	-76.04944	138590	
41615	Rivera	41	Huila	2.77759	-75.25875	27001	
41660	Saladoblanco	41	Huila	1.99340	-76.04475	11652	
41668	San Agustín	41	Huila	1.88108	-76.27036	36805	
41676	Santa María	41	Huila	2.93960	-75.58622	11566	
41770	Suaza	41	Huila	1.97605	-75.79525	24328	
41791	Tarqui	41	Huila	2.11132	-75.82398	19433	
41797	Tesalia	41	Huila	2.48636	-75.73027	11862	
41799	Tello	41	Huila	3.06754	-75.13877	13040	
41801	Teruel	41	Huila	2.74097	-75.56703	8878	
41807	Timaná	41	Huila	1.97454	-75.93217	24217	
41872	Villavieja	41	Huila	3.21882	-75.21717	8037	
41885	Yaguará	41	Huila	2.66469	-75.51802	8478	
44001	Riohacha	44	La Guajira	11.52859	-72.91179	233733	
44035	Albania	44	La Guajira	11.15163	-72.61232	36931	
44078	Barrancas	44	La Guajira	10.95867	-72.79364	45167	
44090	Dibulla	44	La Guajira	11.27155	-73.30760	48144	
44098	Distracción	44	La Guajira	10.89841	-72.88741	16126	
44110	El Molino	44	La Guajira	10.65350	-72.92673	8881	
44279	Fonseca	44	La Guajira	10.88673	-72.84632	52728	
44378	Hatonuevo	44	La Guajira	11.06886	-72.75904	25159	
44420	La Jagua del Pilar	44	La Guajira	10.51186	-73.07264	4261	
44430	Maicao	44	La Guajira	11.37853	-72.24274	209843	
44560	Manaure	44	La Guajira	11.77377	-72.43874	101221	
44650	San Juan del Cesar	44	La Guajira	10.76955	-73.00063	57662	
44847	Uribia	44	La Guajira	11.71190	-72.26591	200898	
44855	Urumita	44	La Guajira	10.56017	-73.01251	13191	
44874	Villanueva	44	La Guajira	10.60877	-72.97758	34858	
47001	Santa Marta	47	Magdalena	11.20468	-74.19983	571382	
47030	Algarrobo	47	Magdalena	10.18806	-74.06113	18154	
47053	Aracataca	47	Magdalena	10.58979	-74.18670	46250	
47058	Ariguaní	47	Magdalena	9.84705	-74.23651	34835	
47161	Cerro de San Antonio	47	Magdalena	10.32553	-74.86847	11538	
47170	Chibolo	47	Magdalena	10.02663	-74.62224	25420	Chivolo
47189	Ciénaga	47	Magdalena	11.00665	-74.24129	135894	
47205	Concordia	47	Magdalena	10.25731	-74.83303	12154	
47245	El Banco	47	Magdalena	9.00850	-73.97437	75669	
47258	El Piñón	47	Magdalena	10.40278	-74.82309	26202	
47268	El Retén	47	Magdalena	10.61049	-74.26844	22252	
47288	Fundación	47	Magdalena	10.51415	-74.19145	76542	
47318	Guamal	47	Magdalena	9.14435	-74.22369	31027	
47460	Nueva Granada	47	Magdalena	9.80186	-74.39184	22756	
47541	Pedraza	47	Magdalena	10.18825	-74.91540	10791	
47545	Pijiño del Carmen	47	Magdalena	9.33192	-74.45903	13978	
47551	Pivijay	47	Magdalena	10.46071	-74.61331	42983	
47555	Plato	47	Magdalena	9.79671	-74.78455	71943	
47570	Puebloviejo	47	Magdalena	10.99477	-74.28253	34937	
47605	Remolino	47	Magdalena	10.70195	-74.71617	13213	
47660	Sabanas de San Ángel	47	Magdalena	10.03254	-74.21395	18012	
47675	Salamina	47	Magdalena	10.49123	-74.79419	12373	
47692	San Sebastián de Buenavista	47	Magdalena	9.24166	-74.35150	22877	
47703	San Zenón	47	Magdalena	9.24506	-74.49899	13775	
47707	Santa Ana	47	Magdalena	9.32429	-74.56685	28522	
47720	Santa Bárbara de Pinto	47	Magdalena	9.43226	-74.70467	11974	
47745	Sitionuevo	47	Magdalena	10.77529	-74.72002	31495	
47798	Tenerife	47	Magdalena	9.89827	-74.85978	15209	
47960	Zapayán	47	Magdalena	10.16830	-74.71688	11219	
47980	Zona Bananera	47	Magdalena	10.76302	-74.14009	79161	
50001	Villavicencio	50	Meta	4.12637	-73.62260	600167	
50006	Acacías	50	Meta	3.99041	-73.76603	99028	
50110	Barranca de Upía	50	Meta	4.56623	-72.96108	7351	
50124	Cabuyaro	50	Meta	4.28671	-72.79177	6822	
50150	Castilla la Nueva	50	Meta	3.83000	-73.68730	16285	
50223	Cubarral	50	Meta	3.79365	-73.83800	8065	
50226	Cumaral	50	Meta	4.27004	-73.48705	25823	
50245	El Calvario	50	Meta	4.35267	-73.71332	1949	
50251	El Castillo	50	Meta	3.56391	-73.79422	8885	
50270	El Dorado	50	Meta	3.73998	-73.83526	4470	
50287	Fuente de Oro	50	Meta	3.46287	-73.61812	13670	
50313	Granada	50	Meta	3.54715	-73.70582	77976	
50318	Guamal	50	Meta	3.87966	-73.76882	15994	
50325	Mapiripán	50	Meta	2.89662	-72.13551	7768	
50330	Mesetas	50	Meta	3.38273	-74.04433	12700	
50350	La Macarena	50	Meta	2.17714	-73.78661	29854	
50370	Uribe	50	Meta	3.23963	-74.35151	10387	
50400	Lejanías	50	Meta	3.52511	-74.02351	12894	
50450	Puerto Concordia	50	Meta	2.62401	-72.76021	9403	
50568	Puerto Gaitán	50	Meta	4.31491	-72.08765	47232	
50573	Puerto López	50	Meta	4.09349	-72.95732	34421	
50577	Puerto Lleras	50	Meta	3.27212	-73.37385	11754	
50590	Puerto Rico	50	Meta	2.93962	-73.20631	14141	
50606	Restrepo	50	Meta	4.25956	-73.56541	20681	
50680	San Carlos de Guaroa	50	Meta	3.71065	-73.24225	13958	
50683	San Juan de Arama	50	Meta	3.37373	-73.87583	10258	
50686	San Juanito	50	Meta	4.45818	-73.67670	1449	
50689	San Martín	50	Meta	3.70190	-73.69581	30730	
50711	Vistahermosa	50	Meta	3.12558	-73.75097	19889	
52001	Pasto	52	Nariño	1.21235	-77.27880	418147	
52019	Albán	52	Nariño	1.47498	-77.08071	10176	
52022	Aldana	52	Nariño	0.88238	-77.70056	7862	
52036	Ancuya	52	Nariño	1.26328	-77.51451	9197	
52051	Arboleda	52	Nariño	1.50342	-77.13547	9305	
52079	Barbacoas	52	Nariño	1.67173	-78.13765	59120	
52083	Belén	52	Nariño	1.59568	-77.01562	6714	
52110	Buesaco	52	Nariño	1.38145	-77.15646	25344	
52203	Colón	52	Nariño	1.64388	-77.01978	8993	
52207	Consacá	52	Nariño	1.20785	-77.46614	14642	
52210	Contadero	52	Nariño	0.91046	-77.54941	7696	
52215	Córdoba	52	Nariño	0.85456	-77.51790	16496	
52224	Cuaspud Carlosama	52	Nariño	0.86298	-77.72895	9798	
52227	Cumbal	52	Nariño	0.90637	-77.79251	39120	
52233	Cumbitara	52	Nariño	1.64716	-77.57862	6270	
52240	Chachagüí	52	Nariño	1.36054	-77.28187	16082	
52250	El Charco	52	Nariño	2.47969	-78.11022	23515	
52254	El Peñol	52	Nariño	1.45357	-77.43852	7857	
52256	El Rosario	52	Nariño	1.74531	-77.33417	13072	
52258	El Tablón de Gómez	52	Nariño	1.42728	-77.09710	15257	
52260	El Tambo	52	Nariño	1.40791	-77.39077	15069	
52287	Funes	52	Nariño	1.00116	-77.44891	7616	
52317	Guachucal	52	Nariño	0.95974	-77.73159	20686	
52320	Guaitarilla	52	Nariño	1.12957	-77.54982	12111	
52323	Gualmatán	52	Nariño	0.91965	-77.56870	7468	
52352	Iles	52	Nariño	0.96952	-77.52123	8092	
52354	Imués	52	Nariño	1.05506	-77.49634	8065	
52356	Ipiales	52	Nariño	0.82773	-77.64637	122748	
52378	La Cruz	52	Nariño	1.60132	-76.97050	19758	
52381	La Florida	52	Nariño	1.29753	-77.40288	10632	
52385	La Llanada	52	Nariño	1.47289	-77.58091	6731	
52390	La Tola	52	Nariño	2.39900	-78.18972	7783	
52399	La Unión	52	Nariño	1.60022	-77.13132	33831	
52405	Leiva	52	Nariño	1.93445	-77.30613	10310	
52411	Linares	52	Nariño	1.35081	-77.52395	10706	
52418	Los Andes	52	Nariño	1.49459	-77.52130	9923	
52427	Magüí	52	Nariño	1.76563	-78.18292	26343	
52435	Mallama	52	Nariño	1.14104	-77.86455	9548	
52473	Mosquera	52	Nariño	2.50714	-78.45299	12735	
52480	Nariño	52	Nariño	1.28898	-77.35797	4627	
52490	Olaya Herrera	52	Nariño	2.34746	-78.32581	26743	
52506	Ospina	52	Nariño	1.05843	-77.56608	7512	
52520	Francisco Pizarro	52	Nariño	2.04063	-78.65836	15099	
52540	Policarpa	52	Nariño	1.62720	-77.45869	10484	
52560	Potosí	52	Nariño	0.80664	-77.57300	10913	
52565	Providencia	52	Nariño	1.23781	-77.59679	5883	
52573	Puerres	52	Nariño	0.88513	-77.50421	9007	
52585	Pupiales	52	Nariño	0.87044	-77.63604	18493	
52612	Ricaurte	52	Nariño	1.21249	-77.99515	20846	
52621	Roberto Payán	52	Nariño	1.69749	-78.24572	13478	
52678	Samaniego	52	Nariño	1.33544	-77.59434	30450	
52683	Sandoná	52	Nariño	1.28344	-77.47313	21623	
52685	San Bernardo	52	Nariño	1.51376	-77.04750	9755	
52687	San Lorenzo	52	Nariño	1.50336	-77.21542	19612	
52693	San Pablo	52	Nariño	1.66943	-77.01398	16103	
52694	San Pedro de Cartago	52	Nariño	1.55157	-77.11941	7228	
52696	Santa Bárbara	52	Nariño	2.44965	-77.97992	14309	
52699	Santacruz	52	Nariño	1.22259	-77.67704	11483	
52720	Sapuyes	52	Nariño	1.03754	-77.62028	7752	
52786	Taminango	52	Nariño	1.57036	-77.28080	18833	
52788	Tangua	52	Nariño	1.09482	-77.39374	14314	
52835	San Andrés de Tumaco	52	Nariño	1.80740	-78.76407	269493	
52838	Túquerres	52	Nariño	1.08504	-77.61672	47376	
52885	Yacuanquer	52	Nariño	1.11594	-77.40017	11615	
54001	San José de Cúcuta	54	Norte de Santander	7.90573	-72.50818	818093	Cúcuta|Cucuta
54003	Ábrego	54	Norte de Santander	8.08162	-73.22172	36353	
54051	Arboledas	54	Norte de Santander	7.64299	-72.79895	11122	
54099	Bochalema	54	Norte de Santander	7.61219	-72.64701	9474	
54109	Bucarasica	54	Norte de Santander	8.04130	-72.86823	7335	
54125	Cácota	54	Norte de Santander	7.26870	-72.64206	3209	
54128	Cáchira	54	Norte de Santander	7.74125	-73.04898	12686	
54172	Chinácota	54	Norte de Santander	7.60311	-72.60116	20023	
54174	Chitagá	54	Norte de Santander	7.13819	-72.66547	13446	
54206	Convención	54	Norte de Santander	8.47037	-73.33720	21359	
54223	Cucutilla	54	Norte de Santander	7.53963	-72.77282	9379	
54239	Durania	54	Norte de Santander	7.71480	-72.65849	5218	
54245	El Carmen	54	Norte de Santander	8.51058	-73.44669	15251	
54250	El Tarra	54	Norte de Santander	8.57428	-73.09614	23690	
54261	El Zulia	54	Norte de Santander	7.93857	-72.60472	31042	
54313	Gramalote	54	Norte de Santander	7.91695	-72.78723	8427	
54344	Hacarí	54	Norte de Santander	8.32151	-73.14600	11671	
54347	Herrán	54	Norte de Santander	7.50654	-72.48352	7926	
54377	Labateca	54	Norte de Santander	7.29841	-72.49598	7252	
54385	La Esperanza	54	Norte de Santander	7.63984	-73.32813	13211	
54398	La Playa	54	Norte de Santander	8.21124	-73.23999	8840	
54405	Los Patios	54	Norte de Santander	7.83319	-72.50561	104658	
54418	Lourdes	54	Norte de Santander	7.94563	-72.83238	4553	
54480	Mutiscua	54	Norte de Santander	7.30047	-72.74717	4900	
54498	Ocaña	54	Norte de Santander	8.24857	-73.35607	136404	
54518	Pamplona	54	Norte de Santander	7.37280	-72.64771	57337	
54520	Pamplonita	54	Norte de Santander	7.43675	-72.63911	6294	
54553	Puerto Santander	54	Norte de Santander	8.35999	-72.41136	9995	
54599	Ragonvalia	54	Norte de Santander	7.57786	-72.47671	6794	
54660	Salazar	54	Norte de Santander	7.77368	-72.81306	11777	
54670	San Calixto	54	Norte de Santander	8.40214	-73.20862	14711	
54673	San Cayetano	54	Norte de Santander	7.87570	-72.62546	8152	
54680	Santiago	54	Norte de Santander	7.86586	-72.71620	3906	
54720	Sardinata	54	Norte de Santander	8.08211	-72.80058	29259	
54743	Silos	54	Norte de Santander	7.20474	-72.75713	7180	
54800	Teorama	54	Norte de Santander	8.43813	-73.28707	18918	
54810	Tibú	54	Norte de Santander	8.63989	-72.73450	62686	
54820	Toledo	54	Norte de Santander	7.30769	-72.48192	17897	
54871	Villa Caro	54	Norte de Santander	7.91424	-72.97360	5784	
54874	Villa del Rosario	54	Norte de Santander	7.84767	-72.46976	117086	
63001	Armenia	63	Quindio	4.53598	-75.68079	311959	
63111	Buenavista	63	Quindio	4.36003	-75.73957	3264	
63130	Calarcá	63	Quindio	4.52098	-75.64608	77048	
63190	Circasia	63	Quindio	4.61776	-75.63653	29911	
63212	Córdoba	63	Quindio	4.39248	-75.68787	5963	
63272	Filandia	63	Quindio	4.67434	-75.65839	12790	
63302	Génova	63	Quindio	4.20664	-75.79040	7861	
63401	La Tebaida	63	Quindio	4.45376	-75.78689	35448	
63470	Montenegro	63	Quindio	4.56506	-75.74983	38783	
63548	Pijao	63	Quindio	4.33504	-75.70333	5511	
63594	Quimbaya	63	Quindio	4.62439	-75.76507	32309	
63690	Salento	63	Quindio	4.63716	-75.57084	9881	
66001	Pereira	66	Risaralda	4.80499	-75.71971	482851	
66045	Apía	66	Risaralda	5.10653	-75.94236	12663	
66075	Balboa	66	Risaralda	4.94910	-75.95866	6519	
66088	Belén de Umbría	66	Risaralda	5.20079	-75.86833	25351	
66170	Dosquebradas	66	Risaralda	4.83313	-75.67537	226214	
66318	Guática	66	Risaralda	5.31537	-75.79900	12459	
66383	La Celia	66	Risaralda	5.00279	-76.00320	7672	
66400	La Virginia	66	Risaralda	4.89662	-75.88039	28559	
66440	Marsella	66	Risaralda	4.93577	-75.73879	17238	
66456	Mistrató	66	Risaralda	5.29704	-75.88289	17578	
66572	Pueblo Rico	66	Risaralda	5.22204	-76.03080	16814	
66594	Quinchía	66	Risaralda	5.34046	-75.73043	27964	
66682	Santa Rosa de Cabal	66	Risaralda	4.87627	-75.62327	80038	
66687	Santuario	66	Risaralda	5.07491	-75.96463	12873	
68001	Bucaramanga	68	Santander	7.11647	-73.13256	627393	
68013	Aguada	68	Santander	6.16235	-73.52313	1966	
68020	Albania	68	Santander	5.75917	-73.91336	4374	
68051	Aratoca	68	Santander	6.69442	-73.01786	8840	
68077	Barbosa	68	Santander	5.93253	-73.61597	33507	
68079	Barichara	68	Santander	6.63411	-73.22305	11305	
68081	Barrancabermeja	68	Santander	7.06486	-73.84924	218932	
68092	Betulia	68	Santander	6.89952	-73.28367	6355	
68101	Bolívar	68	Santander	5.98895	-73.77135	12051	
68121	Cabrera	68	Santander	6.59212	-73.24648	2058	
68132	California	68	Santander	7.34799	-72.94649	2284	
68147	Capitanejo	68	Santander	6.52739	-72.69543	5816	
68152	Carcasí	68	Santander	6.62902	-72.62710	4510	
68160	Cepitá	68	Santander	6.75352	-72.97354	2145	
68162	Cerrito	68	Santander	6.84040	-72.69485	7204	
68167	Charalá	68	Santander	6.28434	-73.14687	12990	
68169	Charta	68	Santander	7.28082	-72.96880	3068	
68176	Chimá	68	Santander	6.34435	-73.37366	3051	
68179	Chipatá	68	Santander	6.06252	-73.63711	5416	
68190	Cimitarra	68	Santander	6.32089	-73.95301	36166	
68207	Concepción	68	Santander	6.76891	-72.69457	6123	
68209	Confines	68	Santander	6.35733	-73.24055	3308	
68211	Contratación	68	Santander	6.29056	-73.47443	3908	
68217	Coromoro	68	Santander	6.29500	-73.04082	5355	
68229	Curití	68	Santander	6.60510	-73.06938	13469	
68235	El Carmen de Chucurí	68	Santander	6.70004	-73.51066	22888	
68245	El Guacamayo	68	Santander	6.24511	-73.49691	2309	
68250	El Peñón	68	Santander	6.05537	-73.81553	5461	
68255	El Playón	68	Santander	7.47072	-73.20287	14382	
68264	Encino	68	Santander	6.13743	-73.09875	2783	
68266	Enciso	68	Santander	6.66803	-72.69965	3694	
68271	Florián	68	Santander	5.80466	-73.97143	6155	
68276	Floridablanca	68	Santander	7.07233	-73.09910	344955	
68296	Galán	68	Santander	6.63842	-73.28777	3080	
68298	Gámbita	68	Santander	5.94600	-73.34418	4281	
68307	Girón	68	Santander	7.07043	-73.16683	177630	
68318	Guaca	68	Santander	6.87656	-72.85632	6375	
68320	Guadalupe	68	Santander	6.24585	-73.41929	4820	
68322	Guapotá	68	Santander	6.30863	-73.32073	2544	
68324	Guavatá	68	Santander	5.95435	-73.70091	4522	
68327	Güepsa	68	Santander	6.02501	-73.57515	5451	
68344	Hato	68	Santander	6.54396	-73.30840	2455	
68368	Jesús María	68	Santander	5.87650	-73.78340	3483	
68370	Jordán	68	Santander	6.73273	-73.09605	1427	
68377	La Belleza	68	Santander	5.85925	-73.96549	6766	
68385	Landázuri	68	Santander	6.21881	-73.81136	10847	
68397	La Paz	68	Santander	6.17851	-73.58959	5286	
68406	Lebrija	68	Santander	7.11335	-73.21952	46658	
68418	Los Santos	68	Santander	6.75520	-73.10274	15716	
68425	Macaravita	68	Santander	6.50658	-72.59310	2291	
68432	Málaga	68	Santander	6.70308	-72.73209	21978	
68444	Matanza	68	Santander	7.32317	-73.01557	5404	
68464	Mogotes	68	Santander	6.47525	-72.96981	11005	
68468	Molagavita	68	Santander	6.67432	-72.80917	4381	
68498	Ocamonte	68	Santander	6.33999	-73.12256	6299	
68500	Oiba	68	Santander	6.26521	-73.29979	11244	
68502	Onzaga	68	Santander	6.34410	-72.81677	4359	
68522	Palmar	68	Santander	6.53779	-73.29109	1520	
68524	Palmas del Socorro	68	Santander	6.40614	-73.28776	2687	
68533	Páramo	68	Santander	6.41681	-73.17022	4982	
68547	Piedecuesta	68	Santander	6.99725	-73.05479	194535	
68549	Pinchote	68	Santander	6.53155	-73.17421	5574	
68572	Puente Nacional	68	Santander	5.87838	-73.67757	15808	
68573	Puerto Parra	68	Santander	6.65078	-74.05613	8041	
68575	Puerto Wilches	68	Santander	7.34406	-73.89991	36389	
68615	Rionegro	68	Santander	7.26501	-73.15018	27405	
68655	Sabana de Torres	68	Santander	7.39192	-73.49906	35343	
68669	San Andrés	68	Santander	6.81151	-72.84886	9272	
68673	San Benito	68	Santander	6.12666	-73.50907	3105	
68679	San Gil	68	Santander	6.55195	-73.13478	64583	
68682	San Joaquín	68	Santander	6.42755	-72.86764	2342	
68684	San José de Miranda	68	Santander	6.65899	-72.73362	4514	
68686	San Miguel	68	Santander	6.57531	-72.64412	2717	
68689	San Vicente de Chucurí	68	Santander	6.88038	-73.41102	37314	
68705	Santa Bárbara	68	Santander	6.99100	-72.90744	2538	
68720	Santa Helena del Opón	68	Santander	6.33957	-73.61672	3632	
68745	Simacota	68	Santander	6.44347	-73.33737	10945	
68755	Socorro	68	Santander	6.46387	-73.26120	36445	
68770	Suaita	68	Santander	6.10133	-73.44165	10840	
68773	Sucre	68	Santander	5.91874	-73.79098	7700	
68780	Suratá	68	Santander	7.36658	-72.98423	4170	
68820	Tona	68	Santander	7.20142	-72.96702	7762	
68855	Valle de San José	68	Santander	6.44803	-73.14351	6484	
68861	Vélez	68	Santander	6.00927	-73.67245	26663	
68867	Vetas	68	Santander	7.30981	-72.87104	2403	
68872	Villanueva	68	Santander	6.67008	-73.17431	8940	
68895	Zapatoca	68	Santander	6.81439	-73.26803	10143	
70001	Sincelejo	70	Sucre	9.30232	-75.39544	320757	
70110	Buenavista	70	Sucre	9.31979	-74.97283	11569	
70124	Caimito	70	Sucre	8.78932	-75.11714	17554	
70204	Coloso	70	Sucre	9.49419	-75.35326	9639	
70215	Corozal	70	Sucre	9.31875	-75.29305	72668	
70221	Coveñas	70	Sucre	9.40278	-75.68016	21830	
70230	Chalán	70	Sucre	9.54535	-75.31270	4941	
70233	El Roble	70	Sucre	9.10065	-75.19838	10632	
70235	Galeras	70	Sucre	9.16038	-75.04959	25061	
70265	Guaranda	70	Sucre	8.46856	-74.53775	19539	
70400	La Unión	70	Sucre	8.85398	-75.27606	14814	
70418	Los Palmitos	70	Sucre	9.38027	-75.26872	25445	
70429	Majagual	70	Sucre	8.54116	-74.62808	43119	
70473	Morroa	70	Sucre	9.33140	-75.30595	16891	
70508	Ovejas	70	Sucre	9.52718	-75.22904	24592	
70523	Palmito	70	Sucre	9.33316	-75.54126	16794	
70670	Sampués	70	Sucre	9.18319	-75.38022	54382	
70678	San Benito Abad	70	Sucre	8.93011	-75.03109	31931	
70702	San Juan de Betulia	70	Sucre	9.27307	-75.24357	14728	
70708	San Marcos	70	Sucre	8.66177	-75.13383	63545	
70713	San Onofre	70	Sucre	9.73696	-75.52240	58414	
70717	San Pedro	70	Sucre	9.39625	-75.06365	20727	
70742	San Luis de Sincé	70	Sucre	9.24431	-75.14600	34076	
70771	Sucre	70	Sucre	8.81174	-74.72317	33707	
70820	Santiago de Tolú	70	Sucre	9.52539	-75.58111	35466	
70823	Tolú Viejo	70	Sucre	9.45182	-75.44085	23848	San José de Toluviejo|Toluviejo
73001	Ibagué	73	Tolima	4.43225	-75.19425	547653	
73024	Alpujarra	73	Tolima	3.39155	-74.93290	4783	
73026	Alvarado	73	Tolima	4.56736	-74.95342	9443	
73030	Ambalema	73	Tolima	4.78268	-74.76443	6967	
73043	Anzoátegui	73	Tolima	4.63176	-75.09377	10683	
73055	Armero	73	Tolima	5.03074	-74.88444	13690	
73067	Ataco	73	Tolima	3.59059	-75.38254	20305	
73124	Cajamarca	73	Tolima	4.43881	-75.43197	19587	
73148	Carmen de Apicalá	73	Tolima	4.15233	-74.71763	11345	
73152	Casabianca	73	Tolima	5.07846	-75.12097	6504	
73168	Chaparral	73	Tolima	3.72292	-75.48077	55409	
73200	Coello	73	Tolima	4.28728	-74.89846	8620	
73217	Coyaima	73	Tolima	3.79804	-75.19386	23821	
73226	Cunday	73	Tolima	4.05926	-74.69223	8880	
73236	Dolores	73	Tolima	3.53907	-74.89676	8731	
73268	Espinal	73	Tolima	4.15131	-74.88545	75984	
73270	Falan	73	Tolima	5.12310	-74.95301	8036	
73275	Flandes	73	Tolima	4.27637	-74.81876	30610	
73283	Fresno	73	Tolima	5.15358	-75.03572	32440	
73319	Guamo	73	Tolima	4.03099	-74.96814	35255	
73347	Herveo	73	Tolima	5.08023	-75.17715	7786	
73349	Honda	73	Tolima	5.21182	-74.75699	26404	
73352	Icononzo	73	Tolima	4.17649	-74.53197	12744	
73408	Lérida	73	Tolima	4.86205	-74.91072	18906	
73411	Líbano	73	Tolima	4.92042	-75.06196	38400	
73443	Mariquita	73	Tolima	5.19971	-74.88928	39831	San Sebastián de Mariquita
73449	Melgar	73	Tolima	4.20366	-74.64132	38424	
73461	Murillo	73	Tolima	4.87434	-75.17102	4528	
73483	Natagaima	73	Tolima	3.62432	-75.09318	15051	
73504	Ortega	73	Tolima	3.93492	-75.22260	35090	
73520	Palocabildo	73	Tolima	5.12092	-75.02217	9850	
73547	Piedras	73	Tolima	4.54395	-74.87811	7156	
73555	Planadas	73	Tolima	3.19791	-75.64416	27714	
73563	Prado	73	Tolima	3.75094	-74.92745	8899	
73585	Purificación	73	Tolima	3.85725	-74.93555	24278	
73616	Rioblanco	73	Tolima	3.52993	-75.64407	23638	
73622	Roncesvalles	73	Tolima	4.01157	-75.60596	5704	
73624	Rovira	73	Tolima	4.23902	-75.24065	22692	
73671	Saldaña	73	Tolima	3.92982	-75.01685	15067	
73675	San Antonio	73	Tolima	3.91415	-75.48007	13661	
73678	San Luis	73	Tolima	4.13372	-75.09580	13587	
73686	Santa Isabel	73	Tolima	4.71361	-75.09793	5856	
73770	Suárez	73	Tolima	4.04889	-74.83188	3982	
73854	Valle de San Juan	73	Tolima	4.19749	-75.11567	5578	
73861	Venadillo	73	Tolima	4.71788	-74.92933	13382	
73870	Villahermosa	73	Tolima	5.03045	-75.11773	9896	
73873	Villarrica	73	Tolima	3.93690	-74.60028	5269	
76001	Cali	76	Valle del Cauca	3.41369	-76.52133	2284775	Santiago de Cali
76020	Alcalá	76	Valle del Cauca	4.67499	-75.77979	14940	
76036	Andalucía	76	Valle del Cauca	4.17171	-76.16792	23094	
76041	Ansermanuevo	76	Valle del Cauca	4.79498	-75.99200	18421	
76054	Argelia	76	Valle del Cauca	4.72694	-76.11991	5580	
76100	Bolívar	76	Valle del Cauca	4.33785	-76.18358	16501	
76109	Buenaventura	76	Valle del Cauca	3.87571	-77.01074	324923	
76111	Guadalajara de Buga	76	Valle del Cauca	3.90074	-76.29898	134040	
76113	Bugalagrande	76	Valle del Cauca	4.20836	-76.15682	26273	
76122	Caicedonia	76	Valle del Cauca	4.33481	-75.83059	29670	
76126	Calima	76	Valle del Cauca	3.93366	-76.48413	19510	
76130	Candelaria	76	Valle del Cauca	3.40835	-76.34652	94199	
76147	Cartago	76	Valle del Cauca	4.74219	-75.92437	143659	
76233	Dagua	76	Valle del Cauca	3.65732	-76.68886	49924	
76243	El Águila	76	Valle del Cauca	4.90606	-76.04278	9176	
76246	El Cairo	76	Valle del Cauca	4.76087	-76.22161	7083	
76248	El Cerrito	76	Valle del Cauca	3.68423	-76.31197	58093	
76250	El Dovio	76	Valle del Cauca	4.51045	-76.23708	9246	
76275	Florida	76	Valle del Cauca	3.32412	-76.23420	58600	
76306	Ginebra	76	Valle del Cauca	3.72418	-76.26807	25232	
76318	Guacarí	76	Valle del Cauca	3.76181	-76.33091	35691	
76364	Jamundí	76	Valle del Cauca	3.25875	-76.53847	182290	
76377	La Cumbre	76	Valle del Cauca	3.64927	-76.56805	17446	
76400	La Unión	76	Valle del Cauca	4.53387	-76.09966	34788	
76403	La Victoria	76	Valle del Cauca	4.52360	-76.03653	12516	
76497	Obando	76	Valle del Cauca	4.57571	-75.97471	12671	
76520	Palmira	76	Valle del Cauca	3.53154	-76.29885	359988	
76563	Pradera	76	Valle del Cauca	3.41979	-76.24180	49497	
76606	Restrepo	76	Valle del Cauca	3.82135	-76.52333	16647	
76616	Riofrío	76	Valle del Cauca	4.15691	-76.28831	16026	
76622	Roldanillo	76	Valle del Cauca	4.41360	-76.15228	37831	
76670	San Pedro	76	Valle del Cauca	3.99507	-76.22869	18228	
76736	Sevilla	76	Valle del Cauca	4.27071	-75.93163	43949	
76823	Toro	76	Valle del Cauca	4.60808	-76.07686	15034	
76828	Trujillo	76	Valle del Cauca	4.21204	-76.31882	19807	
76834	Tuluá	76	Valle del Cauca	4.08540	-76.19773	233831	
76845	Ulloa	76	Valle del Cauca	4.70362	-75.73781	5861	
76863	Versalles	76	Valle del Cauca	4.57502	-76.19920	7475	
76869	Vijes	76	Valle del Cauca	3.69869	-76.44180	13326	
76890	Yotoco	76	Valle del Cauca	3.86124	-76.38270	16513	
76892	Yumbo	76	Valle del Cauca	3.54010	-76.49989	108812	
76895	Zarzal	76	Valle del Cauca	4.39266	-76.07080	43269	
81001	Arauca	81	Arauca	7.07273	-70.74741	102405	
81065	Arauquita	81	Arauca	7.02702	-71.42673	64786	
81220	Cravo Norte	81	Arauca	6.30391	-70.20429	4668	
81300	Fortul	81	Arauca	6.79669	-71.76877	24645	
81591	Puerto Rondón	81	Arauca	6.28146	-71.10339	5348	
81736	Saravena	81	Arauca	6.95393	-71.87281	66254	
81794	Tame	81	Arauca	6.45332	-71.75443	55240	
85001	Yopal	85	Casanare	5.32710	-72.39613	199286	
85010	Aguazul	85	Casanare	5.17264	-72.54684	42314	
85015	Chámeza	85	Casanare	5.21453	-72.87016	2599	
85125	Hato Corozal	85	Casanare	6.15410	-71.76421	14289	
85136	La Salina	85	Casanare	6.12776	-72.33498	1470	
85139	Maní	85	Casanare	4.81681	-72.28138	18777	
85162	Monterrey	85	Casanare	4.87702	-72.89406	20014	
85225	Nunchía	85	Casanare	5.63647	-72.19532	10282	
85230	Orocué	85	Casanare	4.79026	-71.33853	14484	
85250	Paz de Ariporo	85	Casanare	5.87983	-71.89035	42145	
85263	Pore	85	Casanare	5.72773	-71.99286	13235	
85279	Recetor	85	Casanare	5.22918	-72.76099	1637	
85300	Sabanalarga	85	Casanare	4.85479	-73.03870	4192	
85315	Sácama	85	Casanare	6.09674	-72.25016	2445	
85325	San Luis de Palenque	85	Casanare	5.42240	-71.73220	9264	
85400	Támara	85	Casanare	5.82954	-72.16165	7269	
85410	Tauramena	85	Casanare	5.01898	-72.74662	27555	
85430	Trinidad	85	Casanare	5.41218	-71.66281	15646	
85440	Villanueva	85	Casanare	4.61035	-72.92780	41355	
86001	Mocoa	86	Putumayo	1.15117	-76.65424	66901	
86219	Colón	86	Putumayo	1.19013	-76.97257	6034	
86320	Orito	86	Putumayo	0.66359	-76.87328	41940	
86568	Puerto Asís	86	Putumayo	0.50563	-76.49689	75303	
86569	Puerto Caicedo	86	Putumayo	0.68778	-76.60612	17444	
86571	Puerto Guzmán	86	Putumayo	0.96285	-76.40766	39502	
86573	Puerto Leguízamo	86	Putumayo	-0.19232	-74.78184	33577	
86749	Sibundoy	86	Putumayo	1.20026	-76.91781	17442	
86755	San Francisco	86	Putumayo	1.17419	-76.87928	6504	
86757	San Miguel	86	Putumayo	0.34346	-76.91217	21776	
86760	Santiago	86	Putumayo	1.14708	-77.00264	7999	
86865	Valle del Guamuez	86	Putumayo	0.42351	-76.90675	36672	
86885	Villagarzón	86	Putumayo	1.02882	-76.61721	27839	
88001	San Andrés	88	Archipiélago de San Andrés	12.57811	-81.70718	56147	San Andrés Isla
88564	Providencia	88	Archipiélago de San Andrés	13.37318	-81.36839	5921	
91001	Leticia	91	Amazonas	-4.19895	-69.94172	56391	
91263	El Encanto	91	Amazonas	-1.74806	-73.20711	2193	
91405	La Chorrera	91	Amazonas	-1.44262	-72.79189	3289	
91407	La Pedrera	91	Amazonas	-1.32030	-69.58550	4354	
91430	La Victoria	91	Amazonas	0.05494	-71.22321	708	
91460	Miriti - Paraná	91	Amazonas	-0.88883	-70.98893	1997	
91530	Puerto Alegría	91	Amazonas	-1.00567	-74.01446	809	
91536	Puerto Arica	91	Amazonas	-2.14704	-71.75219	1131	
91540	Puerto Nariño	91	Amazonas	-3.77993	-70.36494	11173	
91669	Puerto Santander	91	Amazonas	-0.62118	-72.38421	2016	
91798	Tarapacá	91	Amazonas	-2.89013	-69.74174	4494	
94001	Inírida	94	Guainía	3.86676	-67.91861	39586	
94343	Barrancominas	94	Guainía	3.49418	-69.81407	11561	
94663	Mapiripana	94	Guainía	2.81560	-70.25620	0	
94883	San Felipe	94	Guainía	1.91250	-67.06785	2101	
94884	Puerto Colombia	94	Guainía	2.72644	-67.56677	2317	
94885	La Guadalupe	94	Guainía	1.63246	-66.96369	347	
94886	Cacahual	94	Guainía	3.52617	-67.41331	1062	
94887	Pana Pana	94	Guainía	1.86567	-69.00990	2428	
94888	Morichal	94	Guainía	2.26513	-69.91940	1091	
95001	San José del Guaviare	95	Guaviare	2.56593	-72.63925	66576	
95015	Calamar	95	Guaviare	1.96098	-72.65520	12214	
95025	El Retorno	95	Guaviare	2.33016	-72.62730	18429	
95200	Miraflores	95	Guaviare	1.33754	-71.95042	8636	
97001	Mitú	97	Vaupés	1.25315	-70.23264	36611	
97161	Carurú	97	Vaupés	1.01612	-71.30221	3784	
97511	Pacoa	97	Vaupés	0.02070	-71.00434	5042	
97666	Taraira	97	Vaupés	-0.56498	-69.63550	2711	
97777	Papunahua	97	Vaupés	1.90812	-70.76091	878	
97889	Yavaraté	97	Vaupés	0.60914	-69.20334	1296	
99001	Puerto Carreño	99	Vichada	6.18664	-67.48709	23286	
99524	La Primavera	99	Vichada	5.48631	-70.41052	11539	
99624	Santa Rosalía	99	Vichada	5.13639	-70.85950	4802	
99773	Cumaribo	99	Vichada	4.44635	-69.79553	89677	
