010101	Bocas del Toro	0101	Bocas del Toro	01	Bocas del Toro	Provincia	9.40118	-82.26298	6708
010102	Bastimentos	0101	Bocas del Toro	01	Bocas del Toro	Provincia	9.30807	-82.14235	2589
010104	Punta Laurel	0101	Bocas del Toro	01	Bocas del Toro	Provincia	9.18086	-82.12511	1979
010105	Tierra Oscura	0101	Bocas del Toro	01	Bocas del Toro	Provincia	9.18572	-82.22381	1771
010106	Bocas del Drago	0101	Bocas del Toro	01	Bocas del Toro	Provincia	9.39169	-82.28895	2518
010107	San Cristóbal	0101	Bocas del Toro	01	Bocas del Toro	Provincia	9.25672	-82.27019	1709
010201	Changuinola	0102	Changuinola	01	Bocas del Toro	Provincia	9.45503	-82.52095	6136
010203	Guabito	0102	Changuinola	01	Bocas del Toro	Provincia	9.46105	-82.62711	6573
010204	El Teribe	0102	Changuinola	01	Bocas del Toro	Provincia	9.27587	-82.75004	3251
010206	El Empalme	0102	Changuinola	01	Bocas del Toro	Provincia	9.41628	-82.52787	11462
010207	Las Tablas	0102	Changuinola	01	Bocas del Toro	Provincia	9.56039	-82.77058	5002
010208	Cochigro	0102	Changuinola	01	Bocas del Toro	Provincia	9.26354	-82.56015	2085
010209	La Gloria	0102	Changuinola	01	Bocas del Toro	Provincia	9.38371	-82.43946	3232
010210	Las Delicias	0102	Changuinola	01	Bocas del Toro	Provincia	9.41741	-82.85340	1773
010213	Barriada 4 de Abril	0102	Changuinola	01	Bocas del Toro	Provincia	9.46939	-82.53309	10557
010214	El Silencio	0102	Changuinola	01	Bocas del Toro	Provincia	9.39623	-82.58088	3839
010215	Finca 6	0102	Changuinola	01	Bocas del Toro	Provincia	9.48798	-82.49182	8982
010216	Finca 30	0102	Changuinola	01	Bocas del Toro	Provincia	9.43195	-82.55788	8801
010217	Finca 60	0102	Changuinola	01	Bocas del Toro	Provincia	9.44658	-82.48439	5329
010218	Barranco Adentro	0102	Changuinola	01	Bocas del Toro	Provincia	9.52850	-82.72026	4871
010219	Finca 4	0102	Changuinola	01	Bocas del Toro	Provincia	9.40852	-82.49358	5781
010220	Finca 12	0102	Changuinola	01	Bocas del Toro	Provincia	9.43953	-82.52956	3264
010221	Finca 51	0102	Changuinola	01	Bocas del Toro	Provincia	9.51498	-82.56222	5732
010222	Finca 66	0102	Changuinola	01	Bocas del Toro	Provincia	9.44593	-82.51038	2184
010223	La Mesa	0102	Changuinola	01	Bocas del Toro	Provincia	9.49350	-82.70628	2237
010301	Chiriquí Grande	0103	Chiriquí Grande	01	Bocas del Toro	Provincia	8.92079	-82.02215	3891
010302	Miramar	0103	Chiriquí Grande	01	Bocas del Toro	Provincia	8.98520	-82.21744	729
010303	Punta Peña	0103	Chiriquí Grande	01	Bocas del Toro	Provincia	8.89033	-82.17330	3060
010304	Punta Róbalo	0103	Chiriquí Grande	01	Bocas del Toro	Provincia	9.04217	-82.27832	1597
010305	Rambala	0103	Chiriquí Grande	01	Bocas del Toro	Provincia	8.94961	-82.17772	1365
010306	Bajo Cedro	0103	Chiriquí Grande	01	Bocas del Toro	Provincia	9.11670	-82.29482	1853
010401	Almirante	0104	Almirante	01	Bocas del Toro	Provincia	9.31837	-82.40147	4886
010402	Barrio Francés	0104	Almirante	01	Bocas del Toro	Provincia	9.30166	-82.37243	2192
010403	Barriada Guaymí	0104	Almirante	01	Bocas del Toro	Provincia	9.29600	-82.41930	4754
010404	Nance de Riscó	0104	Almirante	01	Bocas del Toro	Provincia	9.18848	-82.52199	1650
010405	Valle de Agua Arriba	0104	Almirante	01	Bocas del Toro	Provincia	9.21930	-82.37606	3939
010406	Valle de Riscó	0104	Almirante	01	Bocas del Toro	Provincia	9.06531	-82.42235	4386
010407	Bajo Culubre	0104	Almirante	01	Bocas del Toro	Provincia	9.05715	-82.67940	963
010408	Cauchero	0104	Almirante	01	Bocas del Toro	Provincia	9.12901	-82.36020	2934
010409	Ceiba	0104	Almirante	01	Bocas del Toro	Provincia	8.95549	-82.47806	1361
010410	Miraflores	0104	Almirante	01	Bocas del Toro	Provincia	9.31910	-82.45465	1303
020101	Aguadulce	0201	Aguadulce	02	Coclé	Provincia	8.22865	-80.55518	9576
020102	El Cristo	0201	Aguadulce	02	Coclé	Provincia	8.25674	-80.62868	3085
020103	El Roble	0201	Aguadulce	02	Coclé	Provincia	8.15345	-80.56841	4830
020104	Pocrí	0201	Aguadulce	02	Coclé	Provincia	8.26136	-80.54092	8194
020105	Barrios Unidos	0201	Aguadulce	02	Coclé	Provincia	8.20741	-80.52155	9991
020106	Pueblos Unidos	0201	Aguadulce	02	Coclé	Provincia	8.19165	-80.68694	4055
020107	Virgen del Carmen	0201	Aguadulce	02	Coclé	Provincia	8.25703	-80.57709	7890
020108	El Hato de San Juan de Dios	0201	Aguadulce	02	Coclé	Provincia	8.27570	-80.67932	1384
020201	Antón	0202	Antón	02	Coclé	Provincia	8.38209	-80.27785	10711
020202	Cabuya	0202	Antón	02	Coclé	Provincia	8.54356	-80.13727	2092
020203	El Chirú	0202	Antón	02	Coclé	Provincia	8.36773	-80.21825	3889
020204	El Retiro	0202	Antón	02	Coclé	Provincia	8.44655	-80.17654	2937
020205	El Valle	0202	Antón	02	Coclé	Provincia	8.61806	-80.12881	7595
020206	Juan Díaz	0202	Antón	02	Coclé	Provincia	8.40299	-80.31330	3516
020207	Río Hato	0202	Antón	02	Coclé	Provincia	8.42293	-80.11769	15950
020208	San Juan de Dios	0202	Antón	02	Coclé	Provincia	8.54481	-80.23384	5538
020209	Santa Rita	0202	Antón	02	Coclé	Provincia	8.49249	-80.19292	2830
020210	Caballero	0202	Antón	02	Coclé	Provincia	8.53467	-80.20250	4136
020301	La Pintada	0203	La Pintada	02	Coclé	Provincia	8.58097	-80.45523	4497
020302	El Harino	0203	La Pintada	02	Coclé	Provincia	8.69137	-80.62096	5752
020303	El Potrero	0203	La Pintada	02	Coclé	Provincia	8.54417	-80.51440	3450
020304	Llano Grande	0203	La Pintada	02	Coclé	Provincia	8.66370	-80.44078	4114
020305	Piedras Gordas	0203	La Pintada	02	Coclé	Provincia	8.69193	-80.53322	4713
020306	Las Lomas	0203	La Pintada	02	Coclé	Provincia	8.61358	-80.65050	2350
020307	Llano Norte	0203	La Pintada	02	Coclé	Provincia	8.81646	-80.48448	4822
020401	Natá	0204	Natá	02	Coclé	Provincia	8.31384	-80.47904	6317
020402	Capellanía	0204	Natá	02	Coclé	Provincia	8.29664	-80.55081	2967
020403	El Caño	0204	Natá	02	Coclé	Provincia	8.44118	-80.54120	3440
020404	Guzmán	0204	Natá	02	Coclé	Provincia	8.54228	-80.59003	978
020405	Las Huacas	0204	Natá	02	Coclé	Provincia	8.49189	-80.76361	1581
020406	Toza	0204	Natá	02	Coclé	Provincia	8.36540	-80.63232	2437
020407	Villarreal	0204	Natá	02	Coclé	Provincia	8.32331	-80.63480	2021
020501	Olá	0205	Olá	02	Coclé	Provincia	8.46533	-80.66081	1472
020502	El Copé	0205	Olá	02	Coclé	Provincia	8.47056	-80.70775	1503
020503	El Palmar	0205	Olá	02	Coclé	Provincia	8.57017	-80.71302	1296
020504	El Picacho	0205	Olá	02	Coclé	Provincia	8.39079	-80.64082	346
020505	La Pava	0205	Olá	02	Coclé	Provincia	8.46955	-80.61052	1683
020601	Penonomé	0206	Penonomé	02	Coclé	Provincia	8.52709	-80.35858	25836
020602	Cañaveral	0206	Penonomé	02	Coclé	Provincia	8.52152	-80.41629	9324
020603	Coclé	0206	Penonomé	02	Coclé	Provincia	8.40680	-80.42256	5811
020604	Chiguirí Arriba	0206	Penonomé	02	Coclé	Provincia	8.67499	-80.17255	7185
020605	El Coco	0206	Penonomé	02	Coclé	Provincia	8.41252	-80.35401	11064
020606	Pajonal	0206	Penonomé	02	Coclé	Provincia	8.60975	-80.21980	7678
020607	Río Grande	0206	Penonomé	02	Coclé	Provincia	8.44701	-80.47618	3505
020608	Río Indio	0206	Penonomé	02	Coclé	Provincia	8.91276	-80.20292	4026
020609	San Miguel	0206	Penonomé	02	Coclé	Provincia	8.79091	-80.28442	7440
020610	Tulú	0206	Penonomé	02	Coclé	Provincia	8.78452	-80.39450	2241
020611	Candelario Ovalle	0206	Penonomé	02	Coclé	Provincia	8.74905	-80.18100	2090
020612	Las Minas	0206	Penonomé	02	Coclé	Provincia	8.61805	-80.38002	3615
020613	Reicito	0206	Penonomé	02	Coclé	Provincia	8.88972	-80.28627	8496
020614	Toabré	0206	Penonomé	02	Coclé	Provincia	8.68497	-80.28977	2662
020615	Tucue	0206	Penonomé	02	Coclé	Provincia	8.78402	-80.34070	1315
020616	Victoriano Lorenzo	0206	Penonomé	02	Coclé	Provincia	8.57714	-80.28520	2038
030101	Barrio Norte	0301	Colón	03	Colón	Provincia	9.36167	-79.90033	12320
030102	Barrio Sur	0301	Colón	03	Colón	Provincia	9.35500	-79.89567	6463
030103	Buena Vista	0301	Colón	03	Colón	Provincia	9.28350	-79.68631	19221
030104	Cativá	0301	Colón	03	Colón	Provincia	9.36120	-79.82959	37000
030105	Ciricito	0301	Colón	03	Colón	Provincia	9.05498	-80.08019	3174
030106	Cristóbal	0301	Colón	03	Colón	Provincia	9.20351	-79.88064	10466
030107	Escobal	0301	Colón	03	Colón	Provincia	9.01750	-79.99814	2293
030108	Limón	0301	Colón	03	Colón	Provincia	9.25682	-79.74826	5546
030109	Nueva Providencia	0301	Colón	03	Colón	Provincia	9.29628	-79.80205	8734
030110	Puerto Pilón	0301	Colón	03	Colón	Provincia	9.35625	-79.75173	18285
030111	Sabanitas	0301	Colón	03	Colón	Provincia	9.33569	-79.79959	23630
030112	Salamanca	0301	Colón	03	Colón	Provincia	9.37921	-79.60237	5043
030113	San Juan	0301	Colón	03	Colón	Provincia	9.24106	-79.63637	22499
030114	Santa Rosa	0301	Colón	03	Colón	Provincia	9.20480	-79.68041	1232
030115	Cristóbal Este	0301	Colón	03	Colón	Provincia	9.36706	-79.86689	64816
030201	Nuevo Chagres	0302	Chagres	03	Colón	Provincia	9.24480	-80.07198	567
030202	Achiote	0302	Chagres	03	Colón	Provincia	9.20437	-80.02924	938
030203	El Guabo	0302	Chagres	03	Colón	Provincia	9.11224	-80.07911	1553
030204	La Encantada	0302	Chagres	03	Colón	Provincia	9.04317	-80.15223	2333
030205	Palmas Bellas	0302	Chagres	03	Colón	Provincia	9.18137	-80.08417	2151
030206	Piña	0302	Chagres	03	Colón	Provincia	9.26267	-80.02619	888
030207	Salud	0302	Chagres	03	Colón	Provincia	9.14618	-80.14134	2538
030301	Miguel de La Borda	0303	Donoso	03	Colón	Provincia	9.09324	-80.37536	2408
030302	Coclé del Norte	0303	Donoso	03	Colón	Provincia	8.91059	-80.63847	4301
030303	El Guásimo	0303	Donoso	03	Colón	Provincia	9.00055	-80.33319	3494
030304	Gobea	0303	Donoso	03	Colón	Provincia	9.13090	-80.22969	927
030305	Río Indio	0303	Donoso	03	Colón	Provincia	9.08743	-80.20758	1144
030401	Portobelo	0304	Portobelo	03	Colón	Provincia	9.50120	-79.63079	4910
030402	Cacique	0304	Portobelo	03	Colón	Provincia	9.59638	-79.63005	308
030403	Puerto Lindo o Garrote	0304	Portobelo	03	Colón	Provincia	9.58414	-79.58341	1011
030404	Isla Grande	0304	Portobelo	03	Colón	Provincia	9.59533	-79.54854	988
030405	María Chiquita	0304	Portobelo	03	Colón	Provincia	9.40730	-79.71862	3103
030501	Palenque	0305	Santa Isabel	03	Colón	Provincia	9.49059	-79.37508	508
030502	Cuango	0305	Santa Isabel	03	Colón	Provincia	9.51701	-79.32154	624
030503	Miramar	0305	Santa Isabel	03	Colón	Provincia	9.55921	-79.33977	389
030504	Nombre de Dios	0305	Santa Isabel	03	Colón	Provincia	9.54126	-79.48048	1127
030505	Palmira	0305	Santa Isabel	03	Colón	Provincia	9.45251	-79.21874	404
030506	Playa Chiquita	0305	Santa Isabel	03	Colón	Provincia	9.47459	-79.30147	196
030507	Santa Isabel	0305	Santa Isabel	03	Colón	Provincia	9.50214	-79.13809	276
030508	Viento Frío	0305	Santa Isabel	03	Colón	Provincia	9.54312	-79.40099	587
030601	San José  del General	0306	Omar Torrijos Herrera	03	Colón	Provincia	8.87161	-80.56603	1865
030602	Nueva Esperanza	0306	Omar Torrijos Herrera	03	Colón	Provincia	8.88974	-80.61137	889
030603	San Juan de Turbe	0306	Omar Torrijos Herrera	03	Colón	Provincia	8.80934	-80.62576	807
040101	Alanje	0401	Alanje	04	Chiriquí	Provincia	8.40303	-82.55982	3186
040102	Divalá	0401	Alanje	04	Chiriquí	Provincia	8.40391	-82.68631	3496
040103	El Tejar	0401	Alanje	04	Chiriquí	Provincia	8.43615	-82.56543	2113
040104	Guarumal	0401	Alanje	04	Chiriquí	Provincia	8.32638	-82.53576	2743
040105	Palo Grande	0401	Alanje	04	Chiriquí	Provincia	8.34732	-82.60287	642
040106	Querévalo	0401	Alanje	04	Chiriquí	Provincia	8.34517	-82.50200	2006
040107	Santo Tomás	0401	Alanje	04	Chiriquí	Provincia	8.39083	-82.65466	1511
040108	Canta Gallo	0401	Alanje	04	Chiriquí	Provincia	8.38498	-82.62141	683
040109	Nuevo México	0401	Alanje	04	Chiriquí	Provincia	8.41369	-82.74180	2497
040201	Puerto Armuelles	0402	Barú	04	Chiriquí	Provincia	8.25878	-82.90496	12249
040202	Limones	0402	Barú	04	Chiriquí	Provincia	8.10794	-82.88238	1159
040203	Progreso	0402	Barú	04	Chiriquí	Provincia	8.45507	-82.83389	11690
040204	Baco	0402	Barú	04	Chiriquí	Provincia	8.36574	-82.77114	8008
040205	Rodolfo Aguilar Delgado	0402	Barú	04	Chiriquí	Provincia	8.38624	-82.93060	8851
040206	El Palmar	0402	Barú	04	Chiriquí	Provincia	8.32100	-82.93444	6147
040207	Manaca	0402	Barú	04	Chiriquí	Provincia	8.34748	-82.84603	8203
040301	Boquerón	0403	Boquerón	04	Chiriquí	Provincia	8.53916	-82.57979	5083
040302	Bágala	0403	Boquerón	04	Chiriquí	Provincia	8.51813	-82.54197	5113
040303	Cordillera	0403	Boquerón	04	Chiriquí	Provincia	8.75224	-82.59726	483
040304	Guabal	0403	Boquerón	04	Chiriquí	Provincia	8.60928	-82.54617	1126
040305	Guayabal	0403	Boquerón	04	Chiriquí	Provincia	8.65793	-82.56937	2420
040306	Paraíso	0403	Boquerón	04	Chiriquí	Provincia	8.71791	-82.58244	683
040307	Pedregal	0403	Boquerón	04	Chiriquí	Provincia	8.48599	-82.59731	2627
040308	Tijeras	0403	Boquerón	04	Chiriquí	Provincia	8.47178	-82.56780	3466
040401	Bajo Boquete o Boquete	0404	Boquete	04	Chiriquí	Provincia	8.78092	-82.45926	4203
040402	Caldera	0404	Boquete	04	Chiriquí	Provincia	8.71414	-82.34104	1637
040403	Palmira	0404	Boquete	04	Chiriquí	Provincia	8.76047	-82.48992	2440
040404	Alto Boquete	0404	Boquete	04	Chiriquí	Provincia	8.67445	-82.42355	8111
040405	Jaramillo	0404	Boquete	04	Chiriquí	Provincia	8.77158	-82.38171	2942
040406	Los Naranjos	0404	Boquete	04	Chiriquí	Provincia	8.82669	-82.47182	4229
040501	La Concepción	0405	Bugaba	04	Chiriquí	Provincia	8.56178	-82.63508	21280
040502	Aserrío de Gariché	0405	Bugaba	04	Chiriquí	Provincia	8.49897	-82.77954	6015
040503	Bugaba	0405	Bugaba	04	Chiriquí	Provincia	8.48061	-82.62212	4845
040505	Gómez	0405	Bugaba	04	Chiriquí	Provincia	8.56814	-82.74914	2746
040506	La Estrella	0405	Bugaba	04	Chiriquí	Provincia	8.49840	-82.66746	6032
040507	San Andrés	0405	Bugaba	04	Chiriquí	Provincia	8.64476	-82.71747	2527
040508	Santa Marta	0405	Bugaba	04	Chiriquí	Provincia	8.51432	-82.70100	4106
040509	Santa Rosa	0405	Bugaba	04	Chiriquí	Provincia	8.61601	-82.67745	1677
040510	Santo Domingo	0405	Bugaba	04	Chiriquí	Provincia	8.48778	-82.73816	3814
040511	Sortová	0405	Bugaba	04	Chiriquí	Provincia	8.58377	-82.65242	2850
040513	El Bongo	0405	Bugaba	04	Chiriquí	Provincia	8.60512	-82.61262	1706
040514	Solano	0405	Bugaba	04	Chiriquí	Provincia	8.52009	-82.61082	4643
040515	San Isidro	0405	Bugaba	04	Chiriquí	Provincia	8.51972	-82.80952	6629
040601	David	0406	David	04	Chiriquí	Provincia	8.44982	-82.42403	16051
040602	Bijagual	0406	David	04	Chiriquí	Provincia	8.51048	-82.33189	878
040603	Cochea	0406	David	04	Chiriquí	Provincia	8.55586	-82.37087	3036
040604	Chiriquí	0406	David	04	Chiriquí	Provincia	8.37007	-82.29525	6703
040605	Guacá	0406	David	04	Chiriquí	Provincia	8.59910	-82.50416	2565
040606	Las Lomas	0406	David	04	Chiriquí	Provincia	8.44240	-82.37788	25297
040607	Pedregal	0406	David	04	Chiriquí	Provincia	8.32474	-82.40664	17078
040608	San Carlos	0406	David	04	Chiriquí	Provincia	8.52112	-82.48926	5306
040609	San Pablo Nuevo	0406	David	04	Chiriquí	Provincia	8.39056	-82.49051	2731
040610	San Pablo Viejo	0406	David	04	Chiriquí	Provincia	8.45954	-82.48500	16041
040611	David Este	0406	David	04	Chiriquí	Provincia	8.38159	-82.41074	27145
040612	David Sur	0406	David	04	Chiriquí	Provincia	8.40039	-82.44671	33667
040701	Dolega	0407	Dolega	04	Chiriquí	Provincia	8.57295	-82.42770	4838
040702	Dos Ríos	0407	Dolega	04	Chiriquí	Provincia	8.53314	-82.38830	1857
040703	Los Anastacios	0407	Dolega	04	Chiriquí	Provincia	8.53186	-82.41384	4262
040704	Potrerillos	0407	Dolega	04	Chiriquí	Provincia	8.71362	-82.49429	1880
040705	Potrerillos Abajo	0407	Dolega	04	Chiriquí	Provincia	8.63665	-82.46624	2153
040706	Rovira	0407	Dolega	04	Chiriquí	Provincia	8.68366	-82.51756	2285
040707	Tinajas	0407	Dolega	04	Chiriquí	Provincia	8.56831	-82.47077	2053
040708	Los Algarrobos	0407	Dolega	04	Chiriquí	Provincia	8.53132	-82.43468	18350
040801	Gualaca	0408	Gualaca	04	Chiriquí	Provincia	8.58227	-82.25182	5879
040802	Hornito	0408	Gualaca	04	Chiriquí	Provincia	8.71389	-82.22007	1175
040803	Los Ángeles	0408	Gualaca	04	Chiriquí	Provincia	8.53042	-82.19275	668
040804	Paja de Sombrero	0408	Gualaca	04	Chiriquí	Provincia	8.65415	-82.30988	633
040805	Rincón	0408	Gualaca	04	Chiriquí	Provincia	8.46419	-82.24462	1476
040901	Remedios	0409	Remedios	04	Chiriquí	Provincia	8.18147	-81.81259	844
040902	El Nancito	0409	Remedios	04	Chiriquí	Provincia	8.24473	-81.74873	593
040903	El Porvenir	0409	Remedios	04	Chiriquí	Provincia	8.27586	-81.83818	1568
040904	El Puerto	0409	Remedios	04	Chiriquí	Provincia	8.19911	-81.78511	799
040905	Santa Lucía	0409	Remedios	04	Chiriquí	Provincia	8.25150	-81.79945	584
041001	Río Sereno	0410	Renacimiento	04	Chiriquí	Provincia	8.82739	-82.82593	6109
041002	Breñón	0410	Renacimiento	04	Chiriquí	Provincia	8.62260	-82.81633	645
041003	Cañas Gordas	0410	Renacimiento	04	Chiriquí	Provincia	8.72168	-82.86881	2508
041004	Monte Lirio	0410	Renacimiento	04	Chiriquí	Provincia	8.79592	-82.80404	3477
041005	Plaza Caisán	0410	Renacimiento	04	Chiriquí	Provincia	8.75700	-82.77472	3518
041006	Santa Cruz	0410	Renacimiento	04	Chiriquí	Provincia	8.64616	-82.76569	1880
041007	Dominical	0410	Renacimiento	04	Chiriquí	Provincia	8.71377	-82.75699	822
041008	Santa Clara	0410	Renacimiento	04	Chiriquí	Provincia	8.84414	-82.77304	3470
041101	Las Lajas	0411	San Félix	04	Chiriquí	Provincia	8.20922	-81.86382	1521
041102	Juay o Las Mareas	0411	San Félix	04	Chiriquí	Provincia	8.29545	-81.96009	633
041103	Lajas Adentro	0411	San Félix	04	Chiriquí	Provincia	8.22297	-81.90397	868
041104	San Félix	0411	San Félix	04	Chiriquí	Provincia	8.31211	-81.88694	3333
041105	Santa Cruz	0411	San Félix	04	Chiriquí	Provincia	8.24186	-81.92086	526
041201	Horconcitos	0412	San Lorenzo	04	Chiriquí	Provincia	8.29927	-82.15971	1052
041202	Boca Chica	0412	San Lorenzo	04	Chiriquí	Provincia	8.24050	-82.17282	553
041203	Boca del Monte	0412	San Lorenzo	04	Chiriquí	Provincia	8.39976	-82.13040	2071
041204	San Juan	0412	San Lorenzo	04	Chiriquí	Provincia	8.26858	-82.00341	1672
041205	San Lorenzo	0412	San Lorenzo	04	Chiriquí	Provincia	8.28913	-82.07212	2683
041301	Tolé	0413	Tolé	04	Chiriquí	Provincia	8.21942	-81.70708	3372
041302	Bella Vista	0413	Tolé	04	Chiriquí	Provincia	8.19315	-81.60880	759
041303	Cerro Viejo	0413	Tolé	04	Chiriquí	Provincia	8.25166	-81.57365	2057
041304	El Cristo	0413	Tolé	04	Chiriquí	Provincia	8.32071	-81.60186	2043
041305	Justo Fidel Palacios	0413	Tolé	04	Chiriquí	Provincia	8.32729	-81.53522	808
041306	Lajas de Tolé	0413	Tolé	04	Chiriquí	Provincia	8.15628	-81.67163	725
041307	Potrero de Caña	0413	Tolé	04	Chiriquí	Provincia	8.28545	-81.69577	502
041308	Quebrada de Piedra	0413	Tolé	04	Chiriquí	Provincia	8.07421	-81.67050	1041
041309	Veladero	0413	Tolé	04	Chiriquí	Provincia	8.23868	-81.64258	1886
041401	Volcán	0414	Tierras Altas	04	Chiriquí	Provincia	8.73196	-82.66347	7077
041402	Cerro Punta	0414	Tierras Altas	04	Chiriquí	Provincia	8.87304	-82.58574	4828
041403	Cuesta de Piedra	0414	Tierras Altas	04	Chiriquí	Provincia	8.69952	-82.62808	955
041404	Nueva California	0414	Tierras Altas	04	Chiriquí	Provincia	8.84240	-82.67740	5995
041405	Paso Ancho	0414	Tierras Altas	04	Chiriquí	Provincia	8.82629	-82.59834	4670
050101	La Palma	0501	Chepigana	05	Darién	Provincia	8.20671	-78.14657	3793
050102	Camogantí	0501	Chepigana	05	Darién	Provincia	8.07070	-77.86541	377
050103	Chepigana	0501	Chepigana	05	Darién	Provincia	8.11937	-78.01985	796
050104	Garachiné	0501	Chepigana	05	Darién	Provincia	8.02876	-78.33530	1953
050105	Jaqué	0501	Chepigana	05	Darién	Provincia	7.47056	-77.98337	1738
050106	Puerto Piña	0501	Chepigana	05	Darién	Provincia	7.79223	-78.28825	1139
050109	Sambú	0501	Chepigana	05	Darién	Provincia	8.01859	-78.22548	856
050110	Setegantí	0501	Chepigana	05	Darién	Provincia	8.27909	-78.08396	589
050111	Taimatí	0501	Chepigana	05	Darién	Provincia	8.12999	-78.20159	618
050112	Tucutí	0501	Chepigana	05	Darién	Provincia	7.75648	-77.85019	1124
050201	El Real de Santa María	0502	Pinogana	05	Darién	Provincia	8.05707	-77.73061	1078
050202	Boca de Cupe	0502	Pinogana	05	Darién	Provincia	7.82318	-77.62410	1117
050203	Paya	0502	Pinogana	05	Darién	Provincia	7.82439	-77.43702	862
050204	Pinogana	0502	Pinogana	05	Darién	Provincia	8.09251	-77.66227	477
050205	Púcuro	0502	Pinogana	05	Darién	Provincia	7.99043	-77.51741	427
050206	Yape	0502	Pinogana	05	Darién	Provincia	8.07149	-77.34877	266
050207	Yaviza	0502	Pinogana	05	Darién	Provincia	8.21136	-77.76141	4824
050208	Metetí	0502	Pinogana	05	Darién	Provincia	8.58510	-77.92128	9691
050209	Comarca Kuna de Wargandí	0502	Pinogana	05	Darién	Provincia	8.90482	-77.97816	2781
050307	Río Congo	0503	Santa Fe	05	Darién	Provincia	8.55217	-78.38779	1429
050308	Río Iglesias	0503	Santa Fe	05	Darién	Provincia	8.36041	-77.98353	1986
050313	Agua Fría	0503	Santa Fe	05	Darién	Provincia	8.83490	-78.19908	3160
050314	Cucunatí	0503	Santa Fe	05	Darién	Provincia	8.55787	-78.24698	1190
050315	Río Congo Arriba	0503	Santa Fe	05	Darién	Provincia	8.75018	-78.39145	2102
050316	Santa Fe	0503	Santa Fe	05	Darién	Provincia	8.70559	-78.17277	5747
050317	Zapallal	0503	Santa Fe	05	Darién	Provincia	8.62585	-78.10488	4115
060101	Chitré	0601	Chitré	06	Herrera	Provincia	7.95181	-80.43929	9022
060102	La Arena	0601	Chitré	06	Herrera	Provincia	7.96294	-80.48115	8780
060103	Monagrillo	0601	Chitré	06	Herrera	Provincia	7.99826	-80.44889	19419
060104	Llano Bonito	0601	Chitré	06	Herrera	Provincia	7.98988	-80.41249	10938
060105	San Juan Bautista	0601	Chitré	06	Herrera	Provincia	7.96746	-80.41291	12798
060201	Las Minas	0602	Las Minas	06	Herrera	Provincia	7.79215	-80.73226	1988
060202	Chepo	0602	Las Minas	06	Herrera	Provincia	7.66721	-80.81866	1289
060203	Chumical	0602	Las Minas	06	Herrera	Provincia	7.83632	-80.73791	673
060204	El Toro	0602	Las Minas	06	Herrera	Provincia	7.75374	-80.88792	619
060205	Leones	0602	Las Minas	06	Herrera	Provincia	7.77890	-80.80561	640
060206	Quebrada del Rosario	0602	Las Minas	06	Herrera	Provincia	7.73278	-80.73229	682
060207	Quebrada El Ciprián	0602	Las Minas	06	Herrera	Provincia	7.68428	-80.75580	751
060301	Los Pozos	0603	Los Pozos	06	Herrera	Provincia	7.78649	-80.65987	2218
060302	El Capurí	0603	Los Pozos	06	Herrera	Provincia	7.72732	-80.64983	471
060303	El Calabacito	0603	Los Pozos	06	Herrera	Provincia	7.71288	-80.59595	568
060304	El Cedro	0603	Los Pozos	06	Herrera	Provincia	7.68577	-80.64912	423
060305	La Arena	0603	Los Pozos	06	Herrera	Provincia	7.74855	-80.59149	521
060306	La Pitaloza	0603	Los Pozos	06	Herrera	Provincia	7.60169	-80.70068	482
060307	Los Cerritos	0603	Los Pozos	06	Herrera	Provincia	7.79298	-80.61463	940
060308	Los Cerros de Paja	0603	Los Pozos	06	Herrera	Provincia	7.71097	-80.69228	771
060309	Las Llanas	0603	Los Pozos	06	Herrera	Provincia	7.63160	-80.73375	534
060401	Ocú	0604	Ocú	06	Herrera	Provincia	7.95363	-80.78357	7756
060402	Cerro Largo	0604	Ocú	06	Herrera	Provincia	7.83073	-80.81974	609
060403	Los Llanos	0604	Ocú	06	Herrera	Provincia	7.92659	-80.87187	2069
060404	Llano Grande	0604	Ocú	06	Herrera	Provincia	7.97869	-80.69826	1106
060405	Peña Chatas	0604	Ocú	06	Herrera	Provincia	8.03245	-80.79214	2033
060406	El Tijera	0604	Ocú	06	Herrera	Provincia	7.83695	-80.92508	440
060407	Menchaca	0604	Ocú	06	Herrera	Provincia	7.88658	-80.76668	1479
060408	Entradero del Castillo	0604	Ocú	06	Herrera	Provincia	7.84429	-80.86786	624
060501	Parita	0605	Parita	06	Herrera	Provincia	8.01973	-80.51054	4180
060502	Cabuya	0605	Parita	06	Herrera	Provincia	8.02738	-80.64956	1136
060503	Los Castillos	0605	Parita	06	Herrera	Provincia	7.98483	-80.61526	823
060504	Llano de La Cruz	0605	Parita	06	Herrera	Provincia	7.96342	-80.63442	359
060505	París	0605	Parita	06	Herrera	Provincia	8.07311	-80.55479	1176
060506	Portobelillo	0605	Parita	06	Herrera	Provincia	8.01027	-80.58417	961
060507	Potuga	0605	Parita	06	Herrera	Provincia	8.06948	-80.65615	1060
060601	Pesé	0606	Pesé	06	Herrera	Provincia	7.91531	-80.61355	2771
060602	Las Cabras	0606	Pesé	06	Herrera	Provincia	7.88174	-80.56700	2147
060603	El Pájaro	0606	Pesé	06	Herrera	Provincia	7.95171	-80.58145	827
060604	El Barrero	0606	Pesé	06	Herrera	Provincia	7.93205	-80.54553	2007
060605	El Pedregoso	0606	Pesé	06	Herrera	Provincia	7.93023	-80.64015	1500
060606	El Ciruelo	0606	Pesé	06	Herrera	Provincia	7.89655	-80.69361	777
060607	Sabana Grande	0606	Pesé	06	Herrera	Provincia	7.86698	-80.65745	1617
060608	Rincón Hondo	0606	Pesé	06	Herrera	Provincia	7.83889	-80.61348	1363
060701	Santa María	0607	Santa María	06	Herrera	Provincia	8.10877	-80.65991	2261
060702	Chupampa	0607	Santa María	06	Herrera	Provincia	8.08193	-80.78029	1334
060703	El Rincón	0607	Santa María	06	Herrera	Provincia	8.11634	-80.59982	1750
060704	El Limón	0607	Santa María	06	Herrera	Provincia	8.06332	-80.74892	1258
060705	Los Canelos	0607	Santa María	06	Herrera	Provincia	8.11060	-80.72293	2121
070101	Guararé	0701	Guararé	07	Los Santos	Provincia	7.81562	-80.28019	5388
070102	El Espinal	0701	Guararé	07	Los Santos	Provincia	7.84797	-80.31777	1277
070103	El Macano	0701	Guararé	07	Los Santos	Provincia	7.68349	-80.40904	253
070104	Guararé Arriba	0701	Guararé	07	Los Santos	Provincia	7.79948	-80.35435	379
070105	La Enea	0701	Guararé	07	Los Santos	Provincia	7.84178	-80.27129	1688
070106	La Pasera	0701	Guararé	07	Los Santos	Provincia	7.80645	-80.30967	1245
070107	Las Trancas	0701	Guararé	07	Los Santos	Provincia	7.73436	-80.38398	515
070108	Llano Abajo	0701	Guararé	07	Los Santos	Provincia	7.76678	-80.41657	574
070109	El Hato	0701	Guararé	07	Los Santos	Provincia	7.77819	-80.38185	369
070110	Perales	0701	Guararé	07	Los Santos	Provincia	7.77615	-80.33667	419
070201	Las Tablas	0702	Las Tablas	07	Los Santos	Provincia	7.77412	-80.27579	8655
070202	Bajo Corral	0702	Las Tablas	07	Los Santos	Provincia	7.58483	-80.26222	465
070203	Bayano	0702	Las Tablas	07	Los Santos	Provincia	7.59662	-80.42192	608
070204	El Carate	0702	Las Tablas	07	Los Santos	Provincia	7.72953	-80.30785	1308
070205	El Cocal	0702	Las Tablas	07	Los Santos	Provincia	7.74013	-80.27855	2333
070206	El Manantial	0702	Las Tablas	07	Los Santos	Provincia	7.78787	-80.22406	1497
070207	El Muñóz	0702	Las Tablas	07	Los Santos	Provincia	7.67148	-80.31929	400
070208	El Pedregoso	0702	Las Tablas	07	Los Santos	Provincia	7.70632	-80.32313	288
070209	La Laja	0702	Las Tablas	07	Los Santos	Provincia	7.73203	-80.25623	605
070210	La Miel	0702	Las Tablas	07	Los Santos	Provincia	7.56240	-80.33258	243
070211	La Palma	0702	Las Tablas	07	Los Santos	Provincia	7.70145	-80.19339	1122
070212	La Tiza	0702	Las Tablas	07	Los Santos	Provincia	7.75296	-80.29349	1843
070213	Las Palmitas	0702	Las Tablas	07	Los Santos	Provincia	7.76766	-80.30434	2743
070214	Las Tablas Abajo	0702	Las Tablas	07	Los Santos	Provincia	7.80748	-80.24792	2170
070215	Nuario	0702	Las Tablas	07	Los Santos	Provincia	7.51935	-80.29820	173
070216	Palmira	0702	Las Tablas	07	Los Santos	Provincia	7.68119	-80.35162	140
070217	Peña Blanca	0702	Las Tablas	07	Los Santos	Provincia	7.71581	-80.27589	1043
070218	Río Hondo	0702	Las Tablas	07	Los Santos	Provincia	7.71428	-80.35377	182
070219	San José	0702	Las Tablas	07	Los Santos	Provincia	7.67866	-80.24246	656
070220	San Miguel	0702	Las Tablas	07	Los Santos	Provincia	7.64707	-80.27731	114
070221	Santo Domingo	0702	Las Tablas	07	Los Santos	Provincia	7.74737	-80.21414	2232
070222	Sesteadero	0702	Las Tablas	07	Los Santos	Provincia	7.74626	-80.25520	1053
070223	Valle Rico	0702	Las Tablas	07	Los Santos	Provincia	7.60659	-80.36131	324
070224	Vallerriquito	0702	Las Tablas	07	Los Santos	Provincia	7.62522	-80.30823	243
070301	La Villa de Los Santos	0703	Los Santos	07	Los Santos	Provincia	7.89569	-80.45492	9724
070302	El Guásimo	0703	Los Santos	07	Los Santos	Provincia	7.83062	-80.52586	629
070303	La Colorada	0703	Los Santos	07	Los Santos	Provincia	7.83209	-80.55777	1018
070304	La Espigadilla	0703	Los Santos	07	Los Santos	Provincia	7.88029	-80.39745	1782
070305	Las Cruces	0703	Los Santos	07	Los Santos	Provincia	7.80438	-80.44020	1463
070306	Las Guabas	0703	Los Santos	07	Los Santos	Provincia	7.81968	-80.49676	728
070307	Los Ángeles	0703	Los Santos	07	Los Santos	Provincia	7.88847	-80.34516	943
070308	Los Olivos	0703	Los Santos	07	Los Santos	Provincia	7.91086	-80.49821	1484
070309	Llano Largo	0703	Los Santos	07	Los Santos	Provincia	7.91035	-80.42437	2689
070310	Sabana Grande	0703	Los Santos	07	Los Santos	Provincia	7.84097	-80.36073	2051
070311	Santa Ana	0703	Los Santos	07	Los Santos	Provincia	7.95608	-80.36220	2004
070312	Tres Quebradas	0703	Los Santos	07	Los Santos	Provincia	7.85142	-80.40769	864
070313	Agua Buena	0703	Los Santos	07	Los Santos	Provincia	7.82023	-80.39976	1260
070314	Villa Lourdes	0703	Los Santos	07	Los Santos	Provincia	7.81046	-80.46981	1203
070315	El Ejido	0703	Los Santos	07	Los Santos	Provincia	7.91325	-80.37730	2186
070401	Macaracas	0704	Macaracas	07	Los Santos	Provincia	7.72867	-80.53411	2832
070402	Bahía Honda	0704	Macaracas	07	Los Santos	Provincia	7.71392	-80.44629	686
070403	Bajos de Güera	0704	Macaracas	07	Los Santos	Provincia	7.57096	-80.62381	471
070404	Corozal	0704	Macaracas	07	Los Santos	Provincia	7.74667	-80.47677	637
070405	Chupá	0704	Macaracas	07	Los Santos	Provincia	7.78320	-80.56899	571
070406	El Cedro	0704	Macaracas	07	Los Santos	Provincia	7.77525	-80.53028	502
070407	Espino Amarillo	0704	Macaracas	07	Los Santos	Provincia	7.68349	-80.46267	211
070408	La Mesa	0704	Macaracas	07	Los Santos	Provincia	7.63651	-80.62112	673
070409	Las Palmas	0704	Macaracas	07	Los Santos	Provincia	7.67667	-80.50395	395
070410	Llano de Piedras	0704	Macaracas	07	Los Santos	Provincia	7.63634	-80.54952	1804
070411	Mogollón	0704	Macaracas	07	Los Santos	Provincia	7.61704	-80.47866	183
070501	Pedasí	0705	Pedasí	07	Los Santos	Provincia	7.49888	-80.04858	2980
070502	Los Asientos	0705	Pedasí	07	Los Santos	Provincia	7.49514	-80.12181	714
070503	Mariabé	0705	Pedasí	07	Los Santos	Provincia	7.58385	-80.05835	373
070504	Purio	0705	Pedasí	07	Los Santos	Provincia	7.59538	-80.08739	498
070505	Oria Arriba	0705	Pedasí	07	Los Santos	Provincia	7.47614	-80.18833	377
070601	Pocrí	0706	Pocrí	07	Los Santos	Provincia	7.64797	-80.11489	983
070602	El Cañafístulo	0706	Pocrí	07	Los Santos	Provincia	7.61252	-80.21156	271
070603	Lajamina	0706	Pocrí	07	Los Santos	Provincia	7.58017	-80.14003	459
070604	Paraíso	0706	Pocrí	07	Los Santos	Provincia	7.70113	-80.15309	589
070605	Paritilla	0706	Pocrí	07	Los Santos	Provincia	7.59777	-80.18072	723
070701	Tonosí	0707	Tonosí	07	Los Santos	Provincia	7.37590	-80.40015	2170
070702	Altos de Güera	0707	Tonosí	07	Los Santos	Provincia	7.52285	-80.60956	498
070703	Cañas	0707	Tonosí	07	Los Santos	Provincia	7.46318	-80.28661	703
070704	El Bebedero	0707	Tonosí	07	Los Santos	Provincia	7.42455	-80.49682	1297
070705	El Cacao	0707	Tonosí	07	Los Santos	Provincia	7.44888	-80.40324	970
070706	El Cortezo	0707	Tonosí	07	Los Santos	Provincia	7.43718	-80.65947	544
070707	Flores	0707	Tonosí	07	Los Santos	Provincia	7.51291	-80.43557	538
070708	Guánico	0707	Tonosí	07	Los Santos	Provincia	7.33809	-80.49834	827
070709	La Tronosa	0707	Tonosí	07	Los Santos	Provincia	7.45479	-80.57111	476
070710	Cambutal	0707	Tonosí	07	Los Santos	Provincia	7.29001	-80.56329	575
070711	Isla de Cañas	0707	Tonosí	07	Los Santos	Provincia	7.41479	-80.32823	361
080201	San Miguel	0802	Balboa	08	Panamá	Provincia	8.41908	-78.91389	738
080202	La Ensenada	0802	Balboa	08	Panamá	Provincia	8.34815	-78.87764	55
080203	La Esmeralda	0802	Balboa	08	Panamá	Provincia	8.29558	-78.92111	570
080204	La Guinea	0802	Balboa	08	Panamá	Provincia	8.34205	-78.93765	42
080205	Pedro González	0802	Balboa	08	Panamá	Provincia	8.26528	-79.11116	287
080206	Saboga	0802	Balboa	08	Panamá	Provincia	8.57312	-79.02314	297
080501	Chepo	0805	Chepo	08	Panamá	Provincia	9.14322	-79.07746	34425
080502	Cañita	0805	Chepo	08	Panamá	Provincia	9.29781	-78.83015	2764
080503	Chepillo	0805	Chepo	08	Panamá	Provincia	8.95200	-79.12833	195
080504	El Llano	0805	Chepo	08	Panamá	Provincia	9.14339	-78.89144	3312
080505	Las Margaritas	0805	Chepo	08	Panamá	Provincia	9.27134	-79.13510	5658
080506	Santa Cruz de Chinina	0805	Chepo	08	Panamá	Provincia	9.01075	-78.99193	1200
080507	Comarca Kuna de Madungandí	0805	Chepo	08	Panamá	Provincia	9.14693	-78.44640	7647
080508	Tortí	0805	Chepo	08	Panamá	Provincia	8.94588	-78.50092	10387
080601	Chimán	0806	Chimán	08	Panamá	Provincia	8.75293	-78.55988	1013
080602	Brujas	0806	Chimán	08	Panamá	Provincia	8.58469	-78.50106	614
080603	Gonzalo Vásquez	0806	Chimán	08	Panamá	Provincia	8.42437	-78.44140	207
080604	Pásiga	0806	Chimán	08	Panamá	Provincia	8.90161	-78.82581	459
080605	Unión Santeña	0806	Chimán	08	Panamá	Provincia	8.84052	-78.68370	849
080801	San Felipe	0808	Panamá	08	Panamá	Provincia	8.95100	-79.53500	1258
080802	El Chorrillo	0808	Panamá	08	Panamá	Provincia	8.94867	-79.54167	16335
080803	Santa Ana	0808	Panamá	08	Panamá	Provincia	8.95700	-79.54033	13495
080804	Calidonia o La Exposición	0808	Panamá	08	Panamá	Provincia	8.96856	-79.53515	17300
080805	Curundú	0808	Panamá	08	Panamá	Provincia	8.98267	-79.53767	15458
080806	Betania	0808	Panamá	08	Panamá	Provincia	9.01440	-79.52617	42199
080807	Bella Vista	0808	Panamá	08	Panamá	Provincia	8.98433	-79.52356	33710
080808	Pueblo Nuevo	0808	Panamá	08	Panamá	Provincia	9.00908	-79.51510	24167
080809	San Francisco	0808	Panamá	08	Panamá	Provincia	8.99068	-79.50677	61290
080810	Parque Lefevre	0808	Panamá	08	Panamá	Provincia	9.01377	-79.48641	42832
080811	Río Abajo	0808	Panamá	08	Panamá	Provincia	9.02400	-79.49600	28045
080812	Juan Díaz	0808	Panamá	08	Panamá	Provincia	9.03175	-79.45208	56583
080813	Pedregal	0808	Panamá	08	Panamá	Provincia	9.09588	-79.43728	57682
080814	Ancón	0808	Panamá	08	Panamá	Provincia	9.06387	-79.60860	37224
080815	Chilibre	0808	Panamá	08	Panamá	Provincia	9.14950	-79.60202	49582
080816	Las Cumbres	0808	Panamá	08	Panamá	Provincia	9.08937	-79.55334	39923
080817	Pacora	0808	Panamá	08	Panamá	Provincia	9.15056	-79.32915	70283
080818	San Martín	0808	Panamá	08	Panamá	Provincia	9.21723	-79.25275	5485
080819	Tocumen	0808	Panamá	08	Panamá	Provincia	9.10203	-79.39969	89361
080820	Las Mañanitas	0808	Panamá	08	Panamá	Provincia	9.10765	-79.41753	45241
080821	24 de Diciembre	0808	Panamá	08	Panamá	Provincia	9.14245	-79.38226	79965
080822	Alcalde Díaz	0808	Panamá	08	Panamá	Provincia	9.13202	-79.51223	46976
080823	Ernesto Córdoba Campos	0808	Panamá	08	Panamá	Provincia	9.10135	-79.49171	71613
080824	Caimitillo	0808	Panamá	08	Panamá	Provincia	9.32288	-79.44600	34097
080825	Las Garzas	0808	Panamá	08	Panamá	Provincia	9.07121	-79.21833	56980
080826	Don Bosco	0808	Panamá	08	Panamá	Provincia	9.03591	-79.41705	49906
081001	Amelia Denis de Icaza	0810	San Miguelito	08	Panamá	Provincia	9.04104	-79.51504	29208
081002	Belisario Porras	0810	San Miguelito	08	Panamá	Provincia	9.05347	-79.50026	44129
081003	José Domingo Espinar	0810	San Miguelito	08	Panamá	Provincia	9.04858	-79.47883	44448
081004	Mateo Iturralde	0810	San Miguelito	08	Panamá	Provincia	9.03462	-79.49589	9638
081005	Victoriano Lorenzo	0810	San Miguelito	08	Panamá	Provincia	9.03289	-79.50570	15181
081006	Arnulfo Arias	0810	San Miguelito	08	Panamá	Provincia	9.06574	-79.48179	31433
081007	Belisario Frías	0810	San Miguelito	08	Panamá	Provincia	9.07649	-79.49009	33072
081008	Omar Torrijos	0810	San Miguelito	08	Panamá	Provincia	9.05921	-79.52091	32403
081009	Rufina Alfaro	0810	San Miguelito	08	Panamá	Provincia	9.06995	-79.45692	41265
081101	Taboga	0811	Taboga	08	Panamá	Provincia	8.78788	-79.55629	734
081102	Otoque Occidente	0811	Taboga	08	Panamá	Provincia	8.60139	-79.60603	167
081103	Otoque Oriente	0811	Taboga	08	Panamá	Provincia	8.57423	-79.59146	188
090101	Atalaya	0901	Atalaya	09	Veraguas	Provincia	8.03613	-80.93174	7762
090102	El Barrito	0901	Atalaya	09	Veraguas	Provincia	7.98106	-80.94220	1063
090103	La Montañuela	0901	Atalaya	09	Veraguas	Provincia	8.02375	-80.86835	881
090104	La Carrillo	0901	Atalaya	09	Veraguas	Provincia	7.98678	-80.89804	686
090105	San Antonio	0901	Atalaya	09	Veraguas	Provincia	8.07120	-80.90378	7115
090201	Calobre	0902	Calobre	09	Veraguas	Provincia	8.29753	-80.82389	2877
090202	Barnizal	0902	Calobre	09	Veraguas	Provincia	8.40728	-80.76732	370
090203	Chitra	0902	Calobre	09	Veraguas	Provincia	8.51841	-80.89737	1277
090204	El Cocla	0902	Calobre	09	Veraguas	Provincia	8.33148	-80.90188	549
090205	El Potrero	0902	Calobre	09	Veraguas	Provincia	8.38410	-80.80807	591
090206	La Laguna	0902	Calobre	09	Veraguas	Provincia	8.33466	-80.75125	708
090207	La Raya de Calobre	0902	Calobre	09	Veraguas	Provincia	8.22498	-80.81231	498
090208	La Tetilla	0902	Calobre	09	Veraguas	Provincia	8.25631	-80.87595	426
090209	La Yeguada	0902	Calobre	09	Veraguas	Provincia	8.45350	-80.86533	1414
090210	Las Guías	0902	Calobre	09	Veraguas	Provincia	8.23872	-80.75668	1694
090211	Monjarás	0902	Calobre	09	Veraguas	Provincia	8.38207	-80.85734	594
090212	San José	0902	Calobre	09	Veraguas	Provincia	8.45905	-80.79150	668
090301	Cañazas	0903	Cañazas	09	Veraguas	Provincia	8.31659	-81.22379	5367
090302	Cerro de Plata	0903	Cañazas	09	Veraguas	Provincia	8.28631	-81.35448	1625
090303	El Picador	0903	Cañazas	09	Veraguas	Provincia	8.41877	-81.29137	2974
090304	Los Valles	0903	Cañazas	09	Veraguas	Provincia	8.42715	-81.20842	1240
090305	San José	0903	Cañazas	09	Veraguas	Provincia	8.36999	-81.42238	1937
090306	San Marcelo	0903	Cañazas	09	Veraguas	Provincia	8.27626	-81.15564	1380
090307	El Aromillo	0903	Cañazas	09	Veraguas	Provincia	8.35617	-81.14996	1098
090308	Las Cruces	0903	Cañazas	09	Veraguas	Provincia	8.34160	-81.31092	1312
090401	La Mesa	0904	La Mesa	09	Veraguas	Provincia	8.14433	-81.18811	3458
090402	Bisvalles	0904	La Mesa	09	Veraguas	Provincia	8.21277	-81.22385	2169
090403	Boró	0904	La Mesa	09	Veraguas	Provincia	8.16635	-81.30616	1565
090404	Llano Grande	0904	La Mesa	09	Veraguas	Provincia	8.09084	-81.14042	782
090405	San Bartolo	0904	La Mesa	09	Veraguas	Provincia	8.22223	-81.28290	1099
090406	Los Milagros	0904	La Mesa	09	Veraguas	Provincia	8.16067	-81.11242	1500
090407	El Higo	0904	La Mesa	09	Veraguas	Provincia	8.21970	-81.34796	1665
090501	Las Palmas	0905	Las Palmas	09	Veraguas	Provincia	8.13338	-81.45757	2388
090502	Cerro de Casa	0905	Las Palmas	09	Veraguas	Provincia	8.11859	-81.57338	2198
090503	Corozal	0905	Las Palmas	09	Veraguas	Provincia	8.07683	-81.41767	882
090504	El María	0905	Las Palmas	09	Veraguas	Provincia	8.00048	-81.45899	1040
090505	El Prado	0905	Las Palmas	09	Veraguas	Provincia	8.22605	-81.48893	1256
090506	El Rincón	0905	Las Palmas	09	Veraguas	Provincia	8.22129	-81.41352	2635
090507	Lolá	0905	Las Palmas	09	Veraguas	Provincia	8.08901	-81.48925	915
090508	Pixvae	0905	Las Palmas	09	Veraguas	Provincia	7.88570	-81.56793	673
090509	Puerto Vidal	0905	Las Palmas	09	Veraguas	Provincia	8.02969	-81.59577	1869
090510	San Martín de Porres	0905	Las Palmas	09	Veraguas	Provincia	8.19891	-81.53574	1266
090511	Viguí	0905	Las Palmas	09	Veraguas	Provincia	8.33797	-81.50054	1109
090512	Zapotillo	0905	Las Palmas	09	Veraguas	Provincia	7.96825	-81.53694	992
090513	Manuel E. Amador Terrero	0905	Las Palmas	09	Veraguas	Provincia	8.16102	-81.42336	848
090601	Montijo	0906	Montijo	09	Veraguas	Provincia	7.99300	-81.04731	2501
090602	Gobernadora	0906	Montijo	09	Veraguas	Provincia	7.47108	-81.75694	226
090603	La Garceana	0906	Montijo	09	Veraguas	Provincia	7.92486	-81.03321	192
090604	Leones	0906	Montijo	09	Veraguas	Provincia	7.73797	-81.12278	153
090605	Pilón	0906	Montijo	09	Veraguas	Provincia	7.96185	-81.09330	874
090606	Cébaco	0906	Montijo	09	Veraguas	Provincia	7.53974	-81.13727	285
090607	Costa Hermosa	0906	Montijo	09	Veraguas	Provincia	7.93637	-81.06027	1721
090608	Unión del Norte	0906	Montijo	09	Veraguas	Provincia	8.02310	-81.07770	832
090701	Río de Jesús	0907	Río de Jesús	09	Veraguas	Provincia	7.99716	-81.16418	2482
090702	Las Huacas	0907	Río de Jesús	09	Veraguas	Provincia	7.88862	-81.15642	850
090703	Los Castillos	0907	Río de Jesús	09	Veraguas	Provincia	8.02902	-81.11427	509
090704	Utira	0907	Río de Jesús	09	Veraguas	Provincia	7.97136	-81.21601	273
090705	Catorce de Noviembre	0907	Río de Jesús	09	Veraguas	Provincia	7.92925	-81.11061	708
090801	San Francisco	0908	San Francisco	09	Veraguas	Provincia	8.24237	-80.97527	2567
090802	Corral Falso	0908	San Francisco	09	Veraguas	Provincia	8.21749	-80.88643	515
090803	Los Hatillos	0908	San Francisco	09	Veraguas	Provincia	8.33598	-80.96600	1178
090804	Remance	0908	San Francisco	09	Veraguas	Provincia	8.28045	-81.07622	1452
090805	San Juan	0908	San Francisco	09	Veraguas	Provincia	8.29748	-81.03353	1661
090806	San José	0908	San Francisco	09	Veraguas	Provincia	8.36206	-81.05819	2734
090901	Santa Fe	0909	Santa Fe	09	Veraguas	Provincia	8.49608	-81.08589	2866
090902	Calovébora	0909	Santa Fe	09	Veraguas	Provincia	8.71514	-80.93610	6373
090903	El Alto	0909	Santa Fe	09	Veraguas	Provincia	8.54666	-81.02856	1362
090904	El Cuay	0909	Santa Fe	09	Veraguas	Provincia	8.44285	-81.10969	1287
090905	El Pantano	0909	Santa Fe	09	Veraguas	Provincia	8.57351	-81.07214	658
090906	Gatú o Gatuncito	0909	Santa Fe	09	Veraguas	Provincia	8.54320	-80.95932	1451
090907	Río Luis	0909	Santa Fe	09	Veraguas	Provincia	8.64952	-81.14920	3001
090908	Rubén Cantú	0909	Santa Fe	09	Veraguas	Provincia	8.45233	-80.97825	1025
091001	Santiago	0910	Santiago	09	Veraguas	Provincia	8.08251	-80.97463	23236
091002	La Colorada	0910	Santiago	09	Veraguas	Provincia	7.99118	-80.98884	2652
091003	La Peña	0910	Santiago	09	Veraguas	Provincia	8.19025	-81.06350	5943
091004	La Raya de Santa María	0910	Santiago	09	Veraguas	Provincia	8.15053	-80.81051	2109
091005	Ponuga	0910	Santiago	09	Veraguas	Provincia	7.89826	-80.99179	1477
091006	San Pedro del Espino	0910	Santiago	09	Veraguas	Provincia	8.13713	-81.07656	1974
091007	Canto del Llano	0910	Santiago	09	Veraguas	Provincia	8.17384	-80.95485	13678
091008	Los Algarrobos	0910	Santiago	09	Veraguas	Provincia	8.08945	-81.05126	8218
091009	Carlos Santana Ávila	0910	Santiago	09	Veraguas	Provincia	8.10127	-80.83840	5500
091010	Edwin Fábrega	0910	Santiago	09	Veraguas	Provincia	8.05133	-81.01685	4054
091011	San Martín de Porres	0910	Santiago	09	Veraguas	Provincia	8.11504	-80.95409	16156
091012	Urracá	0910	Santiago	09	Veraguas	Provincia	8.15455	-80.89905	2101
091013	Rodrigo Luque	0910	Santiago	09	Veraguas	Provincia	8.14334	-80.99184	9114
091014	Nuevo Santiago	0910	Santiago	09	Veraguas	Provincia	8.09862	-80.92741	10677
091015	Santiago Este	0910	Santiago	09	Veraguas	Provincia	8.15811	-80.73770	1449
091016	Santiago Sur	0910	Santiago	09	Veraguas	Provincia	7.79969	-81.00581	1267
091101	Soná	0911	Soná	09	Veraguas	Provincia	7.97343	-81.32832	12242
091102	Bahía Honda	0911	Soná	09	Veraguas	Provincia	7.77001	-81.50295	668
091103	Calidonia	0911	Soná	09	Veraguas	Provincia	7.91169	-81.43702	1286
091104	Cativé	0911	Soná	09	Veraguas	Provincia	7.85352	-81.40295	725
091105	El Marañón	0911	Soná	09	Veraguas	Provincia	8.01860	-81.25434	2640
091106	Guarumal	0911	Soná	09	Veraguas	Provincia	7.82277	-81.22612	1456
091107	La Soledad	0911	Soná	09	Veraguas	Provincia	7.89707	-81.29285	1496
091108	Quebrada de Oro	0911	Soná	09	Veraguas	Provincia	8.03418	-81.37015	1035
091109	Río Grande	0911	Soná	09	Veraguas	Provincia	7.71193	-81.34455	1416
091110	Rodeo Viejo	0911	Soná	09	Veraguas	Provincia	8.09079	-81.31868	1749
091111	Hicaco	0911	Soná	09	Veraguas	Provincia	7.66968	-81.24317	2007
091112	La Trinchera	0911	Soná	09	Veraguas	Provincia	7.78175	-81.31359	1524
091201	Llano de Catival o Mariato	0912	Mariato	09	Veraguas	Provincia	7.61248	-80.92237	2884
091202	Arenas	0912	Mariato	09	Veraguas	Provincia	7.36975	-80.77328	640
091203	El Cacao	0912	Mariato	09	Veraguas	Provincia	7.27477	-80.78370	430
091204	Quebro	0912	Mariato	09	Veraguas	Provincia	7.48383	-80.82507	1195
091205	Tebario	0912	Mariato	09	Veraguas	Provincia	7.71702	-80.97210	642
100001	Narganá	1000	No tiene distrito	10	Guna Yala	Comarca	9.38941	-78.85357	12954
100002	Ailigandí	1000	No tiene distrito	10	Guna Yala	Comarca	9.22227	-78.15851	10911
100003	Puerto Obaldía	1000	No tiene distrito	10	Guna Yala	Comarca	8.61671	-77.43550	611
100004	Tubualá	1000	No tiene distrito	10	Guna Yala	Comarca	8.85853	-77.71317	7540
110101	Cirilo Guaynora	1101	Cémaco (Área No. 1)	11	Emberá Wounaán	Comarca	8.15634	-77.46165	2520
110102	Lajas Blancas	1101	Cémaco (Área No. 1)	11	Emberá Wounaán	Comarca	8.54711	-77.70799	5161
110103	Manuel Ortega	1101	Cémaco (Área No. 1)	11	Emberá Wounaán	Comarca	8.32255	-77.49965	1866
110201	Río Sábalo	1102	Sambú (Área No. 2)	11	Emberá Wounaán	Comarca	7.91329	-78.21448	2226
110202	Jingurudó	1102	Sambú (Área No. 2)	11	Emberá Wounaán	Comarca	7.78284	-78.06408	585
120101	Soloy	1201	Besiko	12	Ngäbe Buglé	Comarca	8.54430	-82.09445	6569
120102	Boca de Balsa	1201	Besiko	12	Ngäbe Buglé	Comarca	8.58976	-82.03069	3096
120103	Camarón Arriba	1201	Besiko	12	Ngäbe Buglé	Comarca	8.39391	-81.99583	4341
120104	Cerro Banco	1201	Besiko	12	Ngäbe Buglé	Comarca	8.47044	-82.01191	4869
120105	Cerro de Patena	1201	Besiko	12	Ngäbe Buglé	Comarca	8.44335	-81.93270	2014
120106	Emplanada de Chorcha	1201	Besiko	12	Ngäbe Buglé	Comarca	8.60430	-82.14173	3223
120107	Nämnoni	1201	Besiko	12	Ngäbe Buglé	Comarca	8.36903	-81.96942	3469
120108	Niba	1201	Besiko	12	Ngäbe Buglé	Comarca	8.56391	-81.95333	3841
120201	Hato Pilón	1202	Mironó	12	Ngäbe Buglé	Comarca	8.39293	-81.83512	3794
120202	Cascabel	1202	Mironó	12	Ngäbe Buglé	Comarca	8.55822	-81.87952	1636
120203	Hato Corotú	1202	Mironó	12	Ngäbe Buglé	Comarca	8.34198	-81.95998	2543
120204	Hato Culantro	1202	Mironó	12	Ngäbe Buglé	Comarca	8.45676	-81.86530	3406
120205	Hato Jobo	1202	Mironó	12	Ngäbe Buglé	Comarca	8.39881	-81.89943	2326
120206	Hato Julí	1202	Mironó	12	Ngäbe Buglé	Comarca	8.35767	-81.85149	2237
120207	Quebrada de Loro	1202	Mironó	12	Ngäbe Buglé	Comarca	8.35014	-81.92450	2376
120208	Salto Dupí	1202	Mironó	12	Ngäbe Buglé	Comarca	8.35763	-81.88791	3482
120301	Chichica	1203	Müna	12	Ngäbe Buglé	Comarca	8.37910	-81.67703	3470
120302	Alto Caballero	1203	Müna	12	Ngäbe Buglé	Comarca	8.29876	-81.67513	3247
120303	Bakama	1203	Müna	12	Ngäbe Buglé	Comarca	8.25938	-81.60582	1458
120304	Cerro Caña	1203	Müna	12	Ngäbe Buglé	Comarca	8.33060	-81.63323	3109
120305	Cerro Puerco	1203	Müna	12	Ngäbe Buglé	Comarca	8.33807	-81.76202	5310
120306	Krüa	1203	Müna	12	Ngäbe Buglé	Comarca	8.54036	-81.54964	2901
120307	Maraca	1203	Müna	12	Ngäbe Buglé	Comarca	8.37449	-81.72772	3795
120308	Nibra	1203	Müna	12	Ngäbe Buglé	Comarca	8.29818	-81.55474	2530
120309	Peña Blanca	1203	Müna	12	Ngäbe Buglé	Comarca	8.48873	-81.67398	3562
120310	Roka o Rokari	1203	Müna	12	Ngäbe Buglé	Comarca	8.49994	-81.61437	3204
120311	Sitio Prado	1203	Müna	12	Ngäbe Buglé	Comarca	8.40948	-81.59446	2767
120312	Ümani	1203	Müna	12	Ngäbe Buglé	Comarca	8.31441	-81.72464	2497
120313	Dikeri	1203	Müna	12	Ngäbe Buglé	Comarca	8.40364	-81.64464	2521
120314	Diko	1203	Müna	12	Ngäbe Buglé	Comarca	8.46392	-81.73175	2596
120315	Kikari	1203	Müna	12	Ngäbe Buglé	Comarca	8.33886	-81.69080	1995
120316	Mreeni	1203	Müna	12	Ngäbe Buglé	Comarca	8.39501	-81.55067	2238
120401	Cerro Iglesias	1204	Nole Duima	12	Ngäbe Buglé	Comarca	8.31037	-81.80351	5773
120402	Hato Chamí	1204	Nole Duima	12	Ngäbe Buglé	Comarca	8.42405	-81.77222	5218
120403	Jädeberi	1204	Nole Duima	12	Ngäbe Buglé	Comarca	8.49338	-81.80449	2313
120404	Lajero	1204	Nole Duima	12	Ngäbe Buglé	Comarca	8.28463	-81.77271	3759
120405	Susama	1204	Nole Duima	12	Ngäbe Buglé	Comarca	8.35937	-81.80164	3646
120501	Buenos Aires	1205	Ñürün	12	Ngäbe Buglé	Comarca	8.45089	-81.48658	1177
120502	Agua de Salud	1205	Ñürün	12	Ngäbe Buglé	Comarca	8.51523	-81.43346	2404
120503	Alto de Jesús	1205	Ñürün	12	Ngäbe Buglé	Comarca	8.26343	-81.47377	920
120504	Cerro Pelado	1205	Ñürün	12	Ngäbe Buglé	Comarca	8.16430	-81.53535	3278
120505	El Bale	1205	Ñürün	12	Ngäbe Buglé	Comarca	8.34617	-81.37749	1009
120506	El Paredón	1205	Ñürün	12	Ngäbe Buglé	Comarca	8.48677	-81.22932	1208
120507	El Piro	1205	Ñürün	12	Ngäbe Buglé	Comarca	8.22917	-81.52159	802
120508	Guayabito	1205	Ñürün	12	Ngäbe Buglé	Comarca	8.54626	-81.47890	2176
120509	Güibale	1205	Ñürün	12	Ngäbe Buglé	Comarca	8.51128	-81.35732	1484
120510	El Peñón	1205	Ñürün	12	Ngäbe Buglé	Comarca	8.43517	-81.44066	1901
120511	El Piro N°2	1205	Ñürün	12	Ngäbe Buglé	Comarca	8.44894	-81.51252	1278
120601	Bisira	1206	Kankintú	12	Ngäbe Buglé	Comarca	8.91808	-81.84595	3409
120604	Gworoni	1206	Kankintú	12	Ngäbe Buglé	Comarca	8.69138	-81.74298	3609
120605	Kankintú	1206	Kankintú	12	Ngäbe Buglé	Comarca	8.83248	-81.82859	4879
120606	Mününi	1206	Kankintú	12	Ngäbe Buglé	Comarca	8.56231	-81.72471	1638
120607	Piedra Roja	1206	Kankintú	12	Ngäbe Buglé	Comarca	8.59333	-81.77912	2962
120610	Calante	1206	Kankintú	12	Ngäbe Buglé	Comarca	8.78126	-81.88383	958
120611	Tolote	1206	Kankintú	12	Ngäbe Buglé	Comarca	8.59866	-81.82651	2296
120701	Kusapín	1207	Kusapín	12	Ngäbe Buglé	Comarca	9.16017	-81.88015	3638
120702	Bahía Azul	1207	Kusapín	12	Ngäbe Buglé	Comarca	9.07210	-81.84425	4226
120705	Río Chiriquí	1207	Kusapín	12	Ngäbe Buglé	Comarca	8.77204	-81.61447	3836
120706	Tobobe	1207	Kusapín	12	Ngäbe Buglé	Comarca	9.02156	-81.77035	3166
120708	Cañaveral	1207	Kusapín	12	Ngäbe Buglé	Comarca	8.83288	-81.71797	2181
120801	Samboa	1208	Jirondai	12	Ngäbe Buglé	Comarca	8.74326	-82.05631	3854
120802	Büri	1208	Jirondai	12	Ngäbe Buglé	Comarca	8.84647	-82.23802	5719
120803	Gwaribiara	1208	Jirondai	12	Ngäbe Buglé	Comarca	8.76073	-81.96312	4036
120804	Man Creek	1208	Jirondai	12	Ngäbe Buglé	Comarca	8.86656	-82.07758	6594
120805	Tu Gwai	1208	Jirondai	12	Ngäbe Buglé	Comarca	9.00091	-82.31980	5601
120901	Santa Catalina o Calovébora o Bledeshia	1209	Santa Catalina o Calovébora	12	Ngäbe Buglé	Comarca	8.73937	-81.30220	3083
120902	Alto Bilingüe o Gdogüeshia	1209	Santa Catalina o Calovébora	12	Ngäbe Buglé	Comarca	8.65933	-81.27609	1352
120903	Loma Yuca o Ijuicho	1209	Santa Catalina o Calovébora	12	Ngäbe Buglé	Comarca	8.65090	-81.41842	820
120904	San Pedrito o Jiküi	1209	Santa Catalina o Calovébora	12	Ngäbe Buglé	Comarca	8.76473	-81.47600	3425
120905	Valle Bonito o Dogata	1209	Santa Catalina o Calovébora	12	Ngäbe Buglé	Comarca	8.57486	-81.25558	2034
130101	Arraiján	1301	Arraiján	13	Panamá Oeste	Provincia	8.96388	-79.62310	44327
130102	Juan Demóstenes Arosemena	1301	Arraiján	13	Panamá Oeste	Provincia	8.94038	-79.73185	66474
130103	Nuevo Emperador	1301	Arraiján	13	Panamá Oeste	Provincia	9.04189	-79.71460	10414
130104	Santa Clara	1301	Arraiján	13	Panamá Oeste	Provincia	9.07542	-79.76242	2630
130105	Veracruz	1301	Arraiján	13	Panamá Oeste	Provincia	8.91733	-79.60285	24486
130106	Vista Alegre	1301	Arraiján	13	Panamá Oeste	Provincia	8.91476	-79.68517	21417
130107	Burunga	1301	Arraiján	13	Panamá Oeste	Provincia	8.99436	-79.66590	51167
130108	Cerro Silvestre	1301	Arraiján	13	Panamá Oeste	Provincia	8.93335	-79.68088	31567
130109	Vacamonte	1301	Arraiján	13	Panamá Oeste	Provincia	8.89186	-79.69394	46597
130301	Capira	1303	Capira	13	Panamá Oeste	Provincia	8.76655	-79.84225	5819
130302	Caimito	1303	Capira	13	Panamá Oeste	Provincia	8.80911	-79.96360	2084
130303	Campana	1303	Capira	13	Panamá Oeste	Provincia	8.69302	-79.87272	2268
130304	Cermeño	1303	Capira	13	Panamá Oeste	Provincia	8.72511	-79.79849	2274
130305	Cirí de Los Sotos	1303	Capira	13	Panamá Oeste	Provincia	8.93296	-80.10314	2313
130306	Cirí Grande	1303	Capira	13	Panamá Oeste	Provincia	8.77715	-80.09081	4593
130307	El Cacao	1303	Capira	13	Panamá Oeste	Provincia	8.74438	-80.02549	5639
130308	La Trinidad	1303	Capira	13	Panamá Oeste	Provincia	8.91197	-80.01355	2991
130309	Las Ollas Arriba	1303	Capira	13	Panamá Oeste	Provincia	8.79690	-79.90462	1550
130310	Lídice	1303	Capira	13	Panamá Oeste	Provincia	8.75048	-79.93215	6315
130311	Villa Carmen	1303	Capira	13	Panamá Oeste	Provincia	8.80424	-79.86981	1697
130312	Villa Rosario	1303	Capira	13	Panamá Oeste	Provincia	8.79206	-79.86241	5920
130313	Santa Rosa	1303	Capira	13	Panamá Oeste	Provincia	8.86013	-80.11222	2166
130401	Chame	1304	Chame	13	Panamá Oeste	Provincia	8.58356	-79.85173	2544
130402	Bejuco	1304	Chame	13	Panamá Oeste	Provincia	8.62494	-79.88848	6242
130403	Buenos Aires	1304	Chame	13	Panamá Oeste	Provincia	8.64089	-79.95079	2288
130404	Cabuya	1304	Chame	13	Panamá Oeste	Provincia	8.58157	-79.95665	2078
130405	Chicá	1304	Chame	13	Panamá Oeste	Provincia	8.67271	-79.94238	882
130406	El Líbano	1304	Chame	13	Panamá Oeste	Provincia	8.60772	-79.81048	299
130407	Las Lajas	1304	Chame	13	Panamá Oeste	Provincia	8.54387	-79.91535	3893
130408	Nueva Gorgona	1304	Chame	13	Panamá Oeste	Provincia	8.55862	-79.87741	4945
130409	Punta Chame	1304	Chame	13	Panamá Oeste	Provincia	8.60536	-79.75892	477
130410	Sajalices	1304	Chame	13	Panamá Oeste	Provincia	8.66999	-79.87630	3004
130411	Sorá	1304	Chame	13	Panamá Oeste	Provincia	8.65471	-80.01152	1883
130701	Barrio Balboa	1307	La Chorrera	13	Panamá Oeste	Provincia	8.87935	-79.79099	26165
130702	Barrio Colón	1307	La Chorrera	13	Panamá Oeste	Provincia	8.89380	-79.76611	39273
130703	Amador	1307	La Chorrera	13	Panamá Oeste	Provincia	9.11506	-79.89063	3337
130704	Arosemena	1307	La Chorrera	13	Panamá Oeste	Provincia	8.95720	-79.95925	586
130705	El Arado	1307	La Chorrera	13	Panamá Oeste	Provincia	8.99013	-79.78137	6242
130706	El Coco	1307	La Chorrera	13	Panamá Oeste	Provincia	8.88212	-79.82218	22807
130707	Feuillet	1307	La Chorrera	13	Panamá Oeste	Provincia	8.83689	-79.86837	4094
130708	Guadalupe	1307	La Chorrera	13	Panamá Oeste	Provincia	8.85452	-79.82794	38724
130709	Herrera	1307	La Chorrera	13	Panamá Oeste	Provincia	8.94541	-79.84081	23424
130710	Hurtado	1307	La Chorrera	13	Panamá Oeste	Provincia	8.91012	-79.89171	1599
130711	Iturralde	1307	La Chorrera	13	Panamá Oeste	Provincia	9.01174	-79.93460	1516
130712	La Represa	1307	La Chorrera	13	Panamá Oeste	Provincia	9.02390	-79.81704	936
130713	Los Díaz	1307	La Chorrera	13	Panamá Oeste	Provincia	8.84603	-79.92400	1750
130714	Mendoza	1307	La Chorrera	13	Panamá Oeste	Provincia	9.04744	-79.85213	1517
130715	Obaldía	1307	La Chorrera	13	Panamá Oeste	Provincia	8.88513	-79.96172	767
130716	Playa Leona	1307	La Chorrera	13	Panamá Oeste	Provincia	8.82303	-79.78798	36116
130717	Puerto Caimito	1307	La Chorrera	13	Panamá Oeste	Provincia	8.87330	-79.73742	46923
130718	Santa Rita	1307	La Chorrera	13	Panamá Oeste	Provincia	8.87573	-79.90145	2445
130901	San Carlos	1309	San Carlos	13	Panamá Oeste	Provincia	8.49152	-79.96307	3980
130902	El Espino	1309	San Carlos	13	Panamá Oeste	Provincia	8.50935	-80.02356	2032
130903	El Higo	1309	San Carlos	13	Panamá Oeste	Provincia	8.46623	-80.04048	3373
130904	Guayabito	1309	San Carlos	13	Panamá Oeste	Provincia	8.54592	-80.00128	605
130905	La Ermita	1309	San Carlos	13	Panamá Oeste	Provincia	8.47399	-80.07147	1820
130906	La Laguna	1309	San Carlos	13	Panamá Oeste	Provincia	8.60688	-80.04250	1359
130907	Las Uvas	1309	San Carlos	13	Panamá Oeste	Provincia	8.46815	-79.99486	1942
130908	Los Llanitos	1309	San Carlos	13	Panamá Oeste	Provincia	8.57296	-80.07811	3791
130909	San José	1309	San Carlos	13	Panamá Oeste	Provincia	8.53348	-79.94350	3299
