0201	Guaranda	02	Bolívar	-1.458624	-79.046928	98130
0202	Chillanes	02	Bolívar	-2.013381	-79.135597	19802
0203	Chimbo	02	Bolívar	-1.668516	-79.083750	15524
0204	Echeandía	02	Bolívar	-1.455491	-79.262691	14654
0205	San Miguel	02	Bolívar	-1.788283	-79.081051	29814
0206	Caluma	02	Bolívar	-1.608160	-79.218817	15607
0207	Las Naves	02	Bolívar	-1.286890	-79.292440	7012
0401	Tulcán	04	Carchi	0.781457	-77.892733	91116
0402	Bolívar	04	Carchi	0.473166	-77.931617	15677
0403	Espejo	04	Carchi	0.680841	-78.015742	123051
0404	Mira	04	Carchi	0.655072	-78.144957	12727
0405	Montúfar	04	Carchi	0.580354	-77.793938	29590
0406	San Pedro de Huaca	04	Carchi	0.611891	-77.713899	7937
0501	Latacunga	05	Cotopaxi	-0.826832	-78.615518	224122
0502	La Mana	05	Cotopaxi	-0.793273	-79.138115	53793
0503	Pangua	05	Cotopaxi	-1.113424	-79.087687	21867
0504	Pujilí	05	Cotopaxi	-0.970729	-78.880429	66980
0505	Salcedo	05	Cotopaxi	-1.071517	-78.601005	32007
0506	Saquisilí	05	Cotopaxi	-0.828354	-78.709995	24356
0507	Sigchos	05	Cotopaxi	-0.626087	-78.925405	18460
0601	Riobamba	06	Chimborazo	-1.708414	-78.655259	259269
0602	Alausí	06	Chimborazo	-2.237728	-78.846291	37275
0603	Colta	06	Chimborazo	-1.803176	-78.835841	30468
0604	Chambo	06	Chimborazo	-1.750654	-78.539098	13431
0605	Chunchi	06	Chimborazo	-2.327658	-78.910786	10635
0606	Guamote	06	Chimborazo	-2.042755	-78.665588	35769
0607	Guano	06	Chimborazo	-1.550216	-78.604717	48327
0608	Pallatanga	06	Chimborazo	-2.017025	-78.930295	11796
0609	Penipe	06	Chimborazo	-1.554408	-78.467446	6748
0610	Cumandá	06	Chimborazo	-2.213989	-79.080193	16602
0801	Esmeraldas	08	Esmeraldas	0.828095	-79.626514	211848
0802	Eloy Alfaro	08	Esmeraldas	0.930561	-78.963513	46363
0803	Muisne	08	Esmeraldas	0.536696	-79.973969	36426
0804	Quinindé	08	Esmeraldas	0.411753	-79.470852	99880
0805	San Lorenzo	08	Esmeraldas	1.107270	-78.741825	49650
0806	Atacames	08	Esmeraldas	0.792410	-79.853365	49721
0807	Rioverde	08	Esmeraldas	0.909870	-79.347797	33824
1001	Ibarra	10	Imbabura	0.436927	-78.154381	198176
1002	Antonio Ante	10	Imbabura	0.337347	-78.195302	42739
1003	Cotacachi	10	Imbabura	0.361795	-78.480804	42926
1004	Otavalo	10	Imbabura	0.216861	-78.279411	108589
1005	Pimampiro	10	Imbabura	0.308075	-77.928421	13366
1006	San Miguel de Urcuquí	10	Imbabura	0.491626	-78.249498	17969
1501	Tena	15	Napo	-0.988607	-77.776653	80816
1503	Archidona	15	Napo	-0.777551	-77.910440	30488
1504	El Chaco	15	Napo	-0.295192	-77.770987	69092
1507	Quijos	15	Napo	-0.463130	-77.955498	6472
1509	Carlos Julio Arosemena Tola	15	Napo	-1.164075	-77.939964	4647
1601	Pastaza	16	Pastaza	-1.665378	-77.561782	141869
1602	Mera	16	Pastaza	-1.478068	-78.041829	15087
1603	Santa Clara	16	Pastaza	-1.295672	-77.870540	4110
1604	Arajuno	16	Pastaza	-1.306727	-77.175025	9553
1701	Quito	17	Pichincha	-0.099820	-78.455587	2625454
1702	Cayambe	17	Pichincha	-0.024889	-78.165361	105267
1703	Mejía	17	Pichincha	-0.471164	-78.604376	101894
1704	Pedro Moncayo	17	Pichincha	0.057644	-78.264286	42650
1705	Rumiðahui	17	Pichincha	-0.406998	-78.444469	107904
1707	San Miguel de los Bancos	17	Pichincha	-0.043943	-78.853290	13661
1708	Pedro Vicente Maldonado	17	Pichincha	0.148949	-79.057919	15475
1709	Puerto Quito	17	Pichincha	0.155605	-79.239384	25067
1801	Ambato	18	Tungurahua	-1.243354	-78.657523	343168
1802	Baños de Agua Santa	18	Tungurahua	-1.372697	-78.356820	21908
1803	Cevallos	18	Tungurahua	-1.350622	-78.612472	10433
1804	Mocha	18	Tungurahua	-1.405771	-78.662251	7260
1805	Patate	18	Tungurahua	-1.281045	-78.443030	13847
1806	Quero	18	Tungurahua	-1.451591	-78.633254	19084
1807	San Pedro de Pelileo	18	Tungurahua	-1.340780	-78.544819	63897
1808	Santiago de Píllaro	18	Tungurahua	-1.156062	-78.490376	42497
1809	Tisaleo	18	Tungurahua	-1.366687	-78.680328	13910
2101	Lago Agrio	21	Sucumbíos	0.099796	-76.827923	102812
2102	Gonzalo Pizarro	21	Sucumbíos	0.057285	-77.512861	10356
2103	Putumayo	21	Sucumbíos	0.062266	-75.958761	6349
2104	Shushufindi	21	Sucumbíos	-0.266575	-76.533719	50826
2105	Sucumbíos	21	Sucumbíos	0.463179	-77.592120	3174
2106	Cascales	21	Sucumbíos	0.137145	-77.177908	7510
2107	Cuyabeno	21	Sucumbíos	-0.222016	-76.022592	8852
2201	Orellana	22	Orellana	-0.554259	-76.877767	105205
2202	Aguarico	22	Orellana	-0.806147	-75.691146	20540
2203	La Joya de los Sachas	22	Orellana	-0.275194	-76.874534	57605
2204	Loreto	22	Orellana	-0.665009	-77.345126	27720
2301	Santo Domingo	23	Santo Domingo de los Tsáchilas	-0.324363	-79.235671	441583
9001	Las Golondrinas	90	Zona No Delimitada	0.318660	-79.073092	0
9004	El Piedrero	90	Zona No Delimitada	-2.374673	-79.267425	0
0808	La Concordia	08	Esmeraldas	-0.048264	-79.440562	51386
0101	Cuenca	01	Azuay	-2.895720	-79.052058	604487
0102	Girón	01	Azuay	-3.178679	-79.194321	12182
0103	Gualaceo	01	Azuay	-2.918517	-78.779159	38498
0104	Nabón	01	Azuay	-3.336814	-79.126350	14253
0105	Paute	01	Azuay	-2.764064	-78.750062	26782
0106	Pucará	01	Azuay	-3.226909	-79.532974	9693
0107	San Fernando	01	Azuay	-3.116997	-79.258951	3738
0108	Santa Isabel	01	Azuay	-3.214094	-79.340418	18105
0109	Sígsig	01	Azuay	-3.098908	-78.848361	24992
0110	Oña	01	Azuay	-3.465602	-79.155258	3422
0111	Chordeleg	01	Azuay	-2.977109	-78.741182	44483
0112	El Pan	01	Azuay	-2.824727	-78.661215	2140
0113	Sevilla de Oro	01	Azuay	-2.707720	-78.583977	4613
0114	Guachapala	01	Azuay	-2.773269	-78.701440	3586
0115	Camilo Ponce Enríquez	01	Azuay	-2.987921	-79.606277	25458
0301	Azogues	03	Cañar	-2.698010	-78.799540	110001
0302	Biblián	03	Cañar	-2.689107	-78.935605	18852
0303	Cañar	03	Cañar	-2.485951	-79.029136	71350
0304	La Troncal	03	Cañar	-2.429882	-79.382780	62103
0305	El Tambo	03	Cañar	-2.491261	-78.918329	9285
0306	Déleg	03	Cañar	-2.780413	-78.936746	6046
0307	Suscal	03	Cañar	-2.464231	-79.066852	4627
0701	Machala	07	El Oro	-3.332792	-79.947000	306309
0702	Arenillas	07	El Oro	-3.605489	-80.118962	30113
0703	Atahualpa	07	El Oro	-3.577362	-79.684298	6523
0704	Balsas	07	El Oro	-3.764952	-79.844949	7875
0705	Chilla	07	El Oro	-3.441606	-79.627542	2251
0706	El Guabo	07	El Oro	-3.179659	-79.813408	59536
0707	Huaquillas	07	El Oro	-3.460199	-80.185318	56303
0708	Marcabelí	07	El Oro	-3.757927	-79.937959	6870
0709	Pasaje	07	El Oro	-3.330313	-79.751702	83597
0710	Piñas	07	El Oro	-3.695466	-79.793196	40438
0711	Portovelo	07	El Oro	-3.731677	-79.524955	13556
0712	Santa Rosa	07	El Oro	-3.491889	-79.939908	48879
0713	Zaruma	07	El Oro	-3.586500	-79.567727	24374
0714	Las Lajas	07	El Oro	-3.794041	-80.054079	8585
0901	Guayaquil	09	Guayas	-2.639440	-80.147418	2746403
0902	Alfredo Baquerizo Moreno	09	Guayas	-1.946949	-79.547419	25526
0903	Balao	09	Guayas	-2.892568	-79.734093	25655
0904	Balzar	09	Guayas	-1.290241	-79.907295	57829
0905	Colimes	09	Guayas	-1.555209	-80.103623	26251
0906	Daule	09	Guayas	-1.874995	-79.937867	222446
0907	Durán	09	Guayas	-2.230258	-79.782403	6566
0908	Empalme	09	Guayas	-1.011460	-79.688653	79767
0909	El Triunfo	09	Guayas	-2.295005	-79.360121	1360
0910	Milagro	09	Guayas	-2.123639	-79.558367	195943
0911	Naranjal	09	Guayas	-2.579231	-79.593974	86324
0912	Naranjito	09	Guayas	-2.154069	-79.397831	44169
0913	Palestina	09	Guayas	-1.636848	-79.919272	18019
0914	Pedro Carbo	09	Guayas	-1.827584	-80.259515	52177
0916	Samborondón	09	Guayas	-1.981695	-79.790640	98540
0918	Santa Lucía	09	Guayas	-1.714516	-80.035168	43700
0919	Salitre	09	Guayas	-1.804791	-79.797083	55112
0920	San Jacinto de Yaguachi	09	Guayas	-2.196329	-79.660468	72699
0921	Playas	09	Guayas	-2.556733	-80.438202	58768
0922	Simón Bolívar	09	Guayas	-2.033594	-79.412343	13711
0923	Crnel. Marcelino Maridueña	09	Guayas	-2.239200	-79.382071	13183
0924	Lomas de Sargentillo	09	Guayas	-1.850180	-80.080293	22254
0925	Nobol	09	Guayas	-1.965236	-80.049439	23850
0927	Gnral. Antonio Elizalde	09	Guayas	-2.156308	-79.202205	11810
0928	Isidro Ayora	09	Guayas	-1.962416	-80.162566	14305
1101	Loja	11	Loja	-4.007795	-79.271518	250028
1102	Calvas	11	Loja	-4.363261	-79.594009	26042
1103	Catamayo	11	Loja	-3.964684	-79.424733	35240
1104	Celica	11	Loja	-4.172544	-80.046272	14379
1105	Chaguarpamba	11	Loja	-3.863570	-79.686191	6857
1106	Espíndola	11	Loja	-4.525418	-79.410879	14119
1107	Gonzanamá	11	Loja	-4.185250	-79.459250	12247
1108	Macará	11	Loja	-4.347456	-79.871031	24163
1109	Paltas	11	Loja	-3.986753	-79.751984	31246
1110	Puyango	11	Loja	-3.975182	-80.014031	16257
1111	Saraguro	11	Loja	-3.537355	-79.302370	28859
1112	Sozoranga	11	Loja	-4.313721	-79.781274	6970
1113	Zapotillo	11	Loja	-4.224949	-80.315703	14571
1114	Pindal	11	Loja	-4.074933	-80.098535	10409
1115	Quilanga	11	Loja	-4.338238	-79.381318	3971
1116	Olmedo	11	Loja	-3.936413	-79.594285	4164
1201	Babahoyo	12	Los Ríos	-1.803723	-79.442961	167774
1202	Baba	12	Los Ríos	-1.692656	-79.658574	45296
1203	Montalvo	12	Los Ríos	-1.804766	-79.317355	28354
1204	Puebloviejo	12	Los Ríos	-1.544774	-79.546277	40961
1205	Quevedo	12	Los Ríos	-1.039137	-79.437496	196047
1206	Urdaneta	12	Los Ríos	-1.575033	-79.429060	33151
1207	Ventanas	12	Los Ríos	-1.395156	-79.422865	73211
1208	Vinces	12	Los Ríos	-1.575944	-79.754067	80909
1209	Palenque	12	Los Ríos	-1.334281	-79.715399	24838
1210	Buena Fe	12	Los Ríos	-0.683979	-79.461599	74410
1211	Valencia	12	Los Ríos	-0.777476	-79.306620	51509
1212	Mocache	12	Los Ríos	-1.189672	-79.549841	42026
1213	Quinsaloma	12	Los Ríos	-1.139830	-79.356279	19470
1301	Portoviejo	13	Manabí	-1.013028	-80.326931	322925
1302	Bolívar	13	Manabí	-0.905723	-80.028380	41827
1303	Chone	13	Manabí	-0.490847	-80.010532	417496
1304	El Carmen	13	Manabí	-0.295740	-79.581079	95304
1305	Flavio Alfaro	13	Manabí	-0.328737	-79.863617	26415
1306	Jipijapa	13	Manabí	-1.428586	-80.578823	90463
1307	Junín	13	Manabí	-0.941621	-80.195338	22324
1308	Manta	13	Manabí	-1.037687	-80.830435	271145
1309	Montecristi	13	Manabí	-1.131517	-80.652290	99937
1310	Paján	13	Manabí	-1.623112	-80.367146	41879
1311	Pichincha	13	Manabí	-0.926033	-79.871860	30380
1312	Rocafuerte	13	Manabí	-0.905702	-80.405826	42688
1313	Santa Ana	13	Manabí	-1.183628	-80.200839	51239
1314	Sucre	13	Manabí	-0.613784	-80.351503	62841
1315	Tosagua	13	Manabí	-0.788268	-80.245924	42853
1316	24 de Mayo	13	Manabí	-1.399429	-80.359167	31473
1317	Pedernales	13	Manabí	0.031238	-79.933446	69241
1318	Olmedo	13	Manabí	-1.361423	-80.213532	10090
1319	Puerto López	13	Manabí	-1.567922	-80.759303	25630
1320	Jama	13	Manabí	-0.221444	-80.230603	16588
1321	Jaramijó	13	Manabí	-0.976006	-80.603413	29759
1322	San Vicente	13	Manabí	-0.483841	-80.356717	24997
1401	Morona	14	Morona Santiago	-2.249044	-78.156084	54935
1402	Gualaquiza	14	Morona Santiago	-3.340659	-78.690679	21892
1403	Limón Indanza	14	Morona Santiago	-3.012639	-78.413935	58118
1404	Palora	14	Morona Santiago	-1.731784	-78.030926	11882
1405	Santiago	14	Morona Santiago	-2.736676	-78.326017	9755
1406	Sucúa	14	Morona Santiago	-2.484619	-78.208755	23504
1407	Huamboya	14	Morona Santiago	-1.963457	-77.943724	10830
1408	San Juan Bosco	14	Morona Santiago	-3.201364	-78.471676	4372
1409	Taisha	14	Morona Santiago	-2.476519	-77.399794	26700
1410	Logroðo	14	Morona Santiago	-2.692702	-78.114517	7484
1411	Pablo Sexto	14	Morona Santiago	-1.858448	-78.275825	2267
1412	Tiwintza	14	Morona Santiago	-2.961358	-77.894682	9285
1901	Zamora	19	Zamora Chinchipe	-4.002590	-78.949936	30186
1902	Chinchipe	19	Zamora Chinchipe	-4.889316	-79.137043	10337
1903	Nangaritza	19	Zamora Chinchipe	-4.270006	-78.739666	5874
1904	Yacuambi	19	Zamora Chinchipe	-3.620555	-78.965378	6391
1905	Yantzaza	19	Zamora Chinchipe	-3.737077	-78.692205	23370
1906	El Pangui	19	Zamora Chinchipe	-3.622700	-78.557116	12768
1907	Centinela del Cóndor	19	Zamora Chinchipe	-3.935346	-78.749067	7882
1908	Palanda	19	Zamora Chinchipe	-4.599612	-79.068205	8873
1909	Paquisha	19	Zamora Chinchipe	-3.936907	-78.600959	4737
2001	San Cristóbal	20	Galápagos	-0.973744	-89.750199	8823
2002	Isabela	20	Galápagos	-0.744504	-91.095052	3050
2003	Santa Cruz	20	Galápagos	-0.524708	-90.428774	17233
2401	Santa Elena	24	Santa Elena	-2.172406	-80.635649	185238
2403	Salinas	24	Santa Elena	-2.270663	-80.913343	86801
9003	Manga del Curá	90	Zona No Delimitada	-0.679699	-79.592269	11964
2402	La Libertad	24	Santa Elena	-2.239550	-80.894674	871
