020150	Guaranda	0201	Guaranda	02	Bolívar	-1.510327	-79.013613	62611
020151	Facundo Vela	0201	Guaranda	02	Bolívar	-1.210121	-79.125519	1859
020153	Julio E. Moreno (Catanahuan Grande)	0201	Guaranda	02	Bolívar	-1.574386	-79.092430	2527
020155	Salinas	0201	Guaranda	02	Bolívar	-1.379527	-79.107451	5880
020156	San Lorenzo	0201	Guaranda	02	Bolívar	-1.686232	-78.929509	1770
020157	San Simón (Yacoto)	0201	Guaranda	02	Bolívar	-1.635435	-78.923503	4288
020158	Santa Fe (Santa Fe)	0201	Guaranda	02	Bolívar	-1.614309	-79.034277	1896
020159	Simiatug	0201	Guaranda	02	Bolívar	-1.272051	-78.981321	9412
020160	San Luis de Pambil	0201	Guaranda	02	Bolívar	-1.245231	-79.214724	7887
020250	Chillanes	0202	Chillanes	02	Bolívar	-2.006904	-79.083625	13855
020251	San José del Tambo (Tambopamba)	0202	Chillanes	02	Bolívar	-2.019858	-79.187569	5947
020350	San José de Chimbo	0203	Chimbo	02	Bolívar	-1.663274	-79.019386	6020
020351	Asunción (Asancoto)	0203	Chimbo	02	Bolívar	-1.640023	-79.059765	2745
020353	Magdalena (Chapacoto)	0203	Chimbo	02	Bolívar	-1.672167	-79.093285	2552
020354	San Sebastián	0203	Chimbo	02	Bolívar	-1.686943	-79.051664	1176
020355	Telimbela	0203	Chimbo	02	Bolívar	-1.680171	-79.194648	3031
020450	Echeandía	0204	Echeandía	02	Bolívar	-1.455491	-79.262691	14654
020550	San Miguel	0205	San Miguel	02	Bolívar	-1.766971	-79.043362	14040
020551	Balsapamba	0205	San Miguel	02	Bolívar	-1.757411	-79.152225	2470
020552	Bilovan	0205	San Miguel	02	Bolívar	-1.826370	-79.162047	2966
020553	Regulo de Mora	0205	San Miguel	02	Bolívar	-1.884385	-79.202489	1005
020554	San Pablo (San Pablo de Atenas)	0205	San Miguel	02	Bolívar	-1.815118	-79.070199	6009
020555	Santiago	0205	San Miguel	02	Bolívar	-1.727151	-78.943611	1633
020556	San Vicente	0205	San Miguel	02	Bolívar	-1.740574	-78.993422	1691
020650	Caluma	0206	Caluma	02	Bolívar	-1.608160	-79.218817	15607
020750	Las Naves	0207	Las Naves	02	Bolívar	-1.286890	-79.292440	7012
040150	Tulcán	0401	Tulcán	04	Carchi	0.773539	-77.761645	64218
040151	El Carmelo (el Pun)	0401	Tulcán	04	Carchi	0.662294	-77.613573	2162
040153	Julio Andrade (Orejuela)	0401	Tulcán	04	Carchi	0.692625	-77.710606	10594
040154	Maldonado	0401	Tulcán	04	Carchi	0.829360	-78.036001	2069
040155	Pioter	0401	Tulcán	04	Carchi	0.650810	-77.783066	670
040156	Tobar Donoso (la Bocana de Camumbi)	0401	Tulcán	04	Carchi	1.018173	-78.427214	1393
040157	Tufiño	0401	Tulcán	04	Carchi	0.763250	-77.868794	2692
040158	Urbina (Taya)	0401	Tulcán	04	Carchi	0.779979	-77.702259	511
040159	El Chical	0401	Tulcán	04	Carchi	0.996646	-78.261508	4403
040161	Santa Martha de Cuba	0401	Tulcán	04	Carchi	0.647898	-77.762664	2404
040250	Bolívar	0402	Bolívar	04	Carchi	0.492890	-77.892209	5873
040251	García Moreno	0402	Bolívar	04	Carchi	0.545637	-77.966736	1364
040252	Los Andes	0402	Bolívar	04	Carchi	0.482631	-77.957393	2536
040253	Monte Olivo	0402	Bolívar	04	Carchi	0.396939	-77.843418	1699
040254	San Vicente de Pusir	0402	Bolívar	04	Carchi	0.493425	-78.022259	2254
040255	San Rafael	0402	Bolívar	04	Carchi	0.427472	-77.907684	1951
040350	El Ángel	0403	Espejo	04	Carchi	0.642995	-77.971583	7075
040351	El Goaltal	0403	Espejo	04	Carchi	0.769571	-78.131445	746
040352	La Libertad (Alizo)	0403	Espejo	04	Carchi	0.705537	-77.959521	112247
040353	San Isidro	0403	Espejo	04	Carchi	0.605263	-78.000418	2983
040450	Mira (Chontahuasi)	0404	Mira	04	Carchi	0.556803	-78.051689	6706
040451	Concepción	0404	Mira	04	Carchi	0.657174	-78.111592	2680
040452	Jijon Y Caamaño (Cab. en Río Blanco)	0404	Mira	04	Carchi	0.844847	-78.315986	1961
040453	Juan Montalvo (San Ignacio de Quil)	0404	Mira	04	Carchi	0.561466	-78.100560	1380
040550	San Gabriel	0405	Montúfar	04	Carchi	0.572603	-77.820712	20576
040551	Cristóbal Colón	0405	Montúfar	04	Carchi	0.611951	-77.806892	2901
040552	Chitan de Navarrete	0405	Montúfar	04	Carchi	0.655527	-77.807920	641
040553	Fernández Salvador	0405	Montúfar	04	Carchi	0.571840	-77.726139	1144
040554	La Paz	0405	Montúfar	04	Carchi	0.518695	-77.848127	3399
040555	Piartal	0405	Montúfar	04	Carchi	0.551509	-77.753838	929
040650	Huaca	0406	San Pedro de Huaca	04	Carchi	0.631172	-77.724336	6455
040651	Mariscal Sucre	0406	San Pedro de Huaca	04	Carchi	0.592610	-77.703462	1482
050150	Latacunga	0501	Latacunga	05	Cotopaxi	-0.924234	-78.543879	125651
050151	Alaques (Alaquez)	0501	Latacunga	05	Cotopaxi	-0.850492	-78.494257	7958
050152	Belisario Quevedo (Guanailin)	0501	Latacunga	05	Cotopaxi	-0.975372	-78.559209	7301
050153	Guaitacama (Guaytacama)	0501	Latacunga	05	Cotopaxi	-0.829814	-78.640975	22019
050154	Joseguango Bajo	0501	Latacunga	05	Cotopaxi	-0.823622	-78.602054	2469
050156	Mulalo	0501	Latacunga	05	Cotopaxi	-0.731060	-78.510590	9101
050157	11 de Noviembre (Ilinchisi)	0501	Latacunga	05	Cotopaxi	-0.916721	-78.667593	3233
050158	Poalo	0501	Latacunga	05	Cotopaxi	-0.884159	-78.712952	4960
050159	San Juan de Pastocalle	0501	Latacunga	05	Cotopaxi	-0.680968	-78.635760	14884
050161	Tanicuchi	0501	Latacunga	05	Cotopaxi	-0.763916	-78.646050	15509
050162	Toacaso	0501	Latacunga	05	Cotopaxi	-0.714790	-78.757374	11037
050250	La Mana	0502	La Mana	05	Cotopaxi	-0.926657	-79.229757	47967
050251	Guasaganda (Cab. en Guasaganda Centro)	0502	La Mana	05	Cotopaxi	-0.788570	-79.103323	3866
050252	Pucayacu	0502	La Mana	05	Cotopaxi	-0.664593	-79.081265	1960
050350	El Corazón	0503	Pangua	05	Cotopaxi	-1.143610	-79.032705	5529
050351	Moraspungo	0503	Pangua	05	Cotopaxi	-1.086403	-79.224497	13884
050352	Pinllopata	0503	Pangua	05	Cotopaxi	-1.146836	-79.002600	692
050353	Ramón Campaña	0503	Pangua	05	Cotopaxi	-1.076847	-79.090946	1762
050450	Pujilí	0504	Pujilí	05	Cotopaxi	-0.991477	-78.722812	42614
050451	Angamarca	0504	Pujilí	05	Cotopaxi	-1.114601	-78.904722	3802
050453	Guangaje	0504	Pujilí	05	Cotopaxi	-0.898933	-78.841929	4113
050455	La Victoria	0504	Pujilí	05	Cotopaxi	-0.912617	-78.699731	3561
050456	Pilalo	0504	Pujilí	05	Cotopaxi	-0.995113	-79.000413	1916
050457	Tingo	0504	Pujilí	05	Cotopaxi	-0.925155	-79.097073	4026
050458	Zumbahua	0504	Pujilí	05	Cotopaxi	-0.957209	-78.896323	6948
050550	San Miguel	0505	Salcedo	05	Cotopaxi	-1.026408	-78.501083	3615
050551	Antonio José Holguin (Santa Lucía)	0505	Salcedo	05	Cotopaxi	-1.096748	-78.600166	3431
050552	Cusubamba	0505	Salcedo	05	Cotopaxi	-1.092156	-78.747076	5949
050553	Mulalillo	0505	Salcedo	05	Cotopaxi	-1.104055	-78.637958	7254
050554	Mulliquindil (Santa Ana)	0505	Salcedo	05	Cotopaxi	-1.016581	-78.537181	7632
050555	Pansaleo	0505	Salcedo	05	Cotopaxi	-1.093152	-78.582567	4126
050650	Saquisilí	0506	Saquisilí	05	Cotopaxi	-0.837675	-78.696415	16163
050651	Canchagua	0506	Saquisilí	05	Cotopaxi	-0.782036	-78.721871	3510
050652	Chantilin	0506	Saquisilí	05	Cotopaxi	-0.852952	-78.646566	2129
050653	Cochapamba	0506	Saquisilí	05	Cotopaxi	-0.840751	-78.775130	2554
050750	Sigchos	0507	Sigchos	05	Cotopaxi	-0.617603	-78.912151	7560
050751	Chugchillan	0507	Sigchos	05	Cotopaxi	-0.829967	-78.984408	6075
050752	Isinlivi	0507	Sigchos	05	Cotopaxi	-0.782445	-78.854943	1945
050753	Las Pampas	0507	Sigchos	05	Cotopaxi	-0.471160	-78.969154	1850
050754	Palo Quemado	0507	Sigchos	05	Cotopaxi	-0.429259	-78.906368	1030
060150	Riobamba	0601	Riobamba	06	Chimborazo	-1.673900	-78.661008	188891
060151	Cacha (Cab. en Machangara)	0601	Riobamba	06	Chimborazo	-1.713518	-78.710723	2362
060152	Calpi	0601	Riobamba	06	Chimborazo	-1.617466	-78.754221	6223
060153	Cubijies	0601	Riobamba	06	Chimborazo	-1.654767	-78.600221	3264
060154	Flores	0601	Riobamba	06	Chimborazo	-1.825335	-78.655000	2733
060156	Licto	0601	Riobamba	06	Chimborazo	-1.798561	-78.617361	6778
060157	Pungala	0601	Riobamba	06	Chimborazo	-1.859489	-78.500177	3925
060158	Punin	0601	Riobamba	06	Chimborazo	-1.761526	-78.672713	4682
060159	Quimiag	0601	Riobamba	06	Chimborazo	-1.674664	-78.516797	4479
060160	San Juan	0601	Riobamba	06	Chimborazo	-1.566911	-78.830069	4696
060161	San Luis	0601	Riobamba	06	Chimborazo	-1.711381	-78.641054	19510
060250	Alausí	0602	Alausí	06	Chimborazo	-2.187293	-78.852616	10303
060251	Achupallas	0602	Alausí	06	Chimborazo	-2.361597	-78.638019	8117
060253	Guasuntos	0602	Alausí	06	Chimborazo	-2.226171	-78.784060	1820
060254	Huigra	0602	Alausí	06	Chimborazo	-2.281241	-79.004438	1748
060255	Multitud	0602	Alausí	06	Chimborazo	-2.142843	-78.987315	1867
060256	Pistishi (Nariz del Diablo)	0602	Alausí	06	Chimborazo	-2.258745	-78.882247	257
060257	Pumallacta	0602	Alausí	06	Chimborazo	-2.278003	-78.804717	588
060258	Sevilla	0602	Alausí	06	Chimborazo	-2.297296	-78.823432	630
060259	Sibambe	0602	Alausí	06	Chimborazo	-2.191650	-78.913962	3412
060260	Tixan	0602	Alausí	06	Chimborazo	-2.152436	-78.772102	8533
060350	Villa la Unión (Cajabamba)	0603	Colta	06	Chimborazo	-1.725141	-78.794194	14392
060351	Cañi	0603	Colta	06	Chimborazo	-1.796958	-78.962599	711
060352	Columbe	0603	Colta	06	Chimborazo	-1.858581	-78.781349	9132
060353	Juan de Velasco (Pangor)	0603	Colta	06	Chimborazo	-1.861421	-78.912279	3045
060354	Santiago de Quito (Cab. en San Antonio de Quito)	0603	Colta	06	Chimborazo	-1.773782	-78.728787	3188
060450	Chambo	0604	Chambo	06	Chimborazo	-1.750654	-78.539098	13431
060550	Chunchi	0605	Chunchi	06	Chimborazo	-2.333697	-78.872339	6828
060551	Capzol	0605	Chunchi	06	Chimborazo	-2.309509	-78.929850	684
060552	Compud	0605	Chunchi	06	Chimborazo	-2.358472	-78.925596	724
060553	Gonzol	0605	Chunchi	06	Chimborazo	-2.271215	-78.855826	1083
060554	Llagos	0605	Chunchi	06	Chimborazo	-2.365396	-78.970321	1316
060650	Guamote	0606	Guamote	06	Chimborazo	-2.002800	-78.692187	19382
060651	Cebadas	0606	Guamote	06	Chimborazo	-2.046624	-78.550614	6414
060652	Palmira	0606	Guamote	06	Chimborazo	-2.078840	-78.753962	9973
060751	Guanando	0607	Guano	06	Chimborazo	-1.506418	-78.528042	224
060752	Ilapo	0607	Guano	06	Chimborazo	-1.547906	-78.580437	1156
060753	La Providencia	0607	Guano	06	Chimborazo	-1.572596	-78.545344	659
060754	San Andrés	0607	Guano	06	Chimborazo	-1.516514	-78.751398	13154
060755	San Gerardo de Pacaicaguan	0607	Guano	06	Chimborazo	-1.636079	-78.615634	3281
060756	San Isidro de Patulu	0607	Guano	06	Chimborazo	-1.541766	-78.675253	4472
060757	San José del Chazo	0607	Guano	06	Chimborazo	-1.528071	-78.552821	872
060758	Santa Fe de Galán	0607	Guano	06	Chimborazo	-1.497127	-78.570966	1471
060759	Valparaíso	0607	Guano	06	Chimborazo	-1.551427	-78.608798	274
060850	Pallatanga	0608	Pallatanga	06	Chimborazo	-2.017025	-78.930295	11796
060950	Penipe	0609	Penipe	06	Chimborazo	-1.584158	-78.505772	2400
060951	El Altar	0609	Penipe	06	Chimborazo	-1.545993	-78.442416	1294
060952	Matus	0609	Penipe	06	Chimborazo	-1.589724	-78.435126	786
060953	Puela	0609	Penipe	06	Chimborazo	-1.504897	-78.439025	533
060954	San Antonio de Bayushig	0609	Penipe	06	Chimborazo	-1.549268	-78.517865	1097
060955	La Candelaria	0609	Penipe	06	Chimborazo	-1.638694	-78.444780	389
060956	Bilbao (Cab. en Quilluyacu)	0609	Penipe	06	Chimborazo	-1.468123	-78.487141	249
061050	Cumandá	0610	Cumandá	06	Chimborazo	-2.213989	-79.080193	16602
080150	Esmeraldas	0801	Esmeraldas	08	Esmeraldas	0.945669	-79.685546	170529
080152	Camarones (Cab. en San Vicente)	0801	Esmeraldas	08	Esmeraldas	0.957502	-79.513573	3949
080153	Crnel. Carlos Concha Torres (Cab. en Huele)	0801	Esmeraldas	08	Esmeraldas	0.664851	-79.722045	2760
080154	Chinca	0801	Esmeraldas	08	Esmeraldas	0.773582	-79.564566	5109
080159	Majua	0801	Esmeraldas	08	Esmeraldas	0.667477	-79.497728	3368
080163	San Mateo	0801	Esmeraldas	08	Esmeraldas	0.845711	-79.617188	7975
080165	Tabiazo	0801	Esmeraldas	08	Esmeraldas	0.777702	-79.729168	2789
080166	Tachina	0801	Esmeraldas	08	Esmeraldas	0.935355	-79.597795	6439
080168	Vuelta Larga	0801	Esmeraldas	08	Esmeraldas	0.885004	-79.711018	8930
080250	Valdez (Limones)	0802	Eloy Alfaro	08	Esmeraldas	1.213298	-78.982997	5848
080251	Anchayacu	0802	Eloy Alfaro	08	Esmeraldas	0.947172	-79.113245	3075
080252	Atahualpa (Cab. en Camarones)	0802	Eloy Alfaro	08	Esmeraldas	0.805046	-78.954066	1446
080253	Borbon	0802	Eloy Alfaro	08	Esmeraldas	1.019729	-78.999804	9079
080254	La Tola	0802	Eloy Alfaro	08	Esmeraldas	1.110712	-79.089122	2949
080255	Luis Vargas Torres (Cab. en Playa de Oro)	0802	Eloy Alfaro	08	Esmeraldas	0.577109	-78.705413	535
080256	Maldonado	0802	Eloy Alfaro	08	Esmeraldas	1.047241	-78.897886	2100
080257	Pampanal de Bolívar	0802	Eloy Alfaro	08	Esmeraldas	1.307292	-78.921790	1363
080258	San Francisco de Onzole	0802	Eloy Alfaro	08	Esmeraldas	0.847050	-79.108096	1838
080259	Santo Domingo de Onzole	0802	Eloy Alfaro	08	Esmeraldas	0.679337	-79.159064	3577
080260	Selva Alegre	0802	Eloy Alfaro	08	Esmeraldas	0.918012	-78.881471	1466
080261	Telembi	0802	Eloy Alfaro	08	Esmeraldas	0.602111	-78.901252	6316
080262	Colón Eloy del María	0802	Eloy Alfaro	08	Esmeraldas	0.996203	-78.909289	2200
080263	San José de Cayapas	0802	Eloy Alfaro	08	Esmeraldas	0.899517	-78.972814	1433
080264	Timbire	0802	Eloy Alfaro	08	Esmeraldas	0.988581	-78.856391	1153
080350	Muisne	0803	Muisne	08	Esmeraldas	0.606257	-79.945896	8788
080351	Bolívar	0803	Muisne	08	Esmeraldas	0.457096	-80.017900	2569
080352	Daule	0803	Muisne	08	Esmeraldas	0.398831	-79.964671	2842
080353	Galera	0803	Muisne	08	Esmeraldas	0.778514	-80.051565	1659
080354	Quingue (Olmedo Perdomo Franco)	0803	Muisne	08	Esmeraldas	0.709668	-80.072891	533
080355	Salima	0803	Muisne	08	Esmeraldas	0.327597	-79.956471	1439
080356	San Francisco	0803	Muisne	08	Esmeraldas	0.692782	-79.998111	5023
080357	San Gregorio	0803	Muisne	08	Esmeraldas	0.509840	-79.874828	7864
080358	San José de Chamanga	0803	Muisne	08	Esmeraldas	0.349679	-79.883386	5709
080450	Rosa Zárate (Quinindé)	0804	Quinindé	08	Esmeraldas	0.237975	-79.517724	55722
080451	Cube	0804	Quinindé	08	Esmeraldas	0.488678	-79.672607	7872
080452	Chura (Chancama) (Cab. en el Yerbero)	0804	Quinindé	08	Esmeraldas	0.526205	-79.458170	3241
080453	Malimpia	0804	Quinindé	08	Esmeraldas	0.439820	-79.197143	19870
080454	Viche	0804	Quinindé	08	Esmeraldas	0.626805	-79.548631	5975
080550	San Lorenzo	0805	San Lorenzo	08	Esmeraldas	1.275373	-78.798286	32591
080551	Alto Tambo (Cab en Guadual)	0805	San Lorenzo	08	Esmeraldas	0.755790	-78.576200	1867
080552	Ancón (Pichangal) (Cab. en Palma Real)	0805	San Lorenzo	08	Esmeraldas	1.413352	-78.859972	1415
080553	Calderón	0805	San Lorenzo	08	Esmeraldas	1.171783	-78.764662	1176
080554	Carondelet	0805	San Lorenzo	08	Esmeraldas	1.126014	-78.744466	1117
080555	5 de Junio (Cab. en Uimbi)	0805	San Lorenzo	08	Esmeraldas	0.926247	-78.749250	247
080556	Concepción	0805	San Lorenzo	08	Esmeraldas	1.043402	-78.847717	1980
080557	Mataje (Cab. en Santander)	0805	San Lorenzo	08	Esmeraldas	1.252685	-78.644441	1053
080558	San Javier de Cachavi (Cab. en San Javier)	0805	San Lorenzo	08	Esmeraldas	1.070496	-78.771849	786
080559	Santa Rita	0805	San Lorenzo	08	Esmeraldas	1.050111	-78.672139	1638
080560	Tambillo	0805	San Lorenzo	08	Esmeraldas	1.184523	-78.893676	1369
080561	Tululbi (Cab. en Ricaurte)	0805	San Lorenzo	08	Esmeraldas	1.134681	-78.631765	2641
080562	Urbina	0805	San Lorenzo	08	Esmeraldas	0.990049	-78.689300	1770
080650	Atacames	0806	Atacames	08	Esmeraldas	0.811950	-79.817864	21868
080651	La Unión	0806	Atacames	08	Esmeraldas	0.731913	-79.842673	1875
080653	Tonchigue	0806	Atacames	08	Esmeraldas	0.770344	-79.944644	8300
080750	Rioverde	0807	Rioverde	08	Esmeraldas	1.023975	-79.426732	7124
080751	Chontaduro	0807	Rioverde	08	Esmeraldas	0.873459	-79.401004	4156
080752	Chumunde	0807	Rioverde	08	Esmeraldas	0.701183	-79.386913	4508
080753	Lagarto	0807	Rioverde	08	Esmeraldas	1.005571	-79.217615	5670
080754	Montalvo (Cab en Horqueta)	0807	Rioverde	08	Esmeraldas	0.886511	-79.288738	6193
080755	Rocafuerte	0807	Rioverde	08	Esmeraldas	0.968518	-79.365779	6173
100150	San Miguel de Ibarra	1001	Ibarra	10	Imbabura	0.360541	-78.091937	168068
100151	Ambuqui	1001	Ibarra	10	Imbabura	0.408457	-78.020719	6143
100152	Angochagua	1001	Ibarra	10	Imbabura	0.220983	-78.081682	3561
100153	Carolina	1001	Ibarra	10	Imbabura	0.647519	-78.224675	3258
100154	La Esperanza	1001	Ibarra	10	Imbabura	0.266685	-78.127842	8681
100155	Lita	1001	Ibarra	10	Imbabura	0.776086	-78.378432	3964
100156	Salinas	1001	Ibarra	10	Imbabura	0.493533	-78.138408	2374
100157	San Antonio	1001	Ibarra	10	Imbabura	0.321610	-78.171356	2127
100250	Atuntaqui	1002	Antonio Ante	10	Imbabura	0.328771	-78.214967	28099
100251	Imbaya (San Luis de Cobuendo)	1002	Antonio Ante	10	Imbabura	0.378702	-78.157405	1610
100253	San José de Chaltura	1002	Antonio Ante	10	Imbabura	0.366359	-78.189270	3862
100254	San Roque	1002	Antonio Ante	10	Imbabura	0.298791	-78.222957	1194
100350	Cotacachi	1003	Cotacachi	10	Imbabura	0.312672	-78.298781	21414
100351	Apuela	1003	Cotacachi	10	Imbabura	0.421793	-78.424342	1936
100352	García Moreno (Llurimagua)	1003	Cotacachi	10	Imbabura	0.297142	-78.787759	1491
100353	Imantag	1003	Cotacachi	10	Imbabura	0.449563	-78.347696	5476
100354	Peñaherrera	1003	Cotacachi	10	Imbabura	0.359539	-78.588518	1780
100355	Plaza Gutiérrez (Calvario)	1003	Cotacachi	10	Imbabura	0.345450	-78.423494	328
100356	Quiroga	1003	Cotacachi	10	Imbabura	0.299167	-78.387582	8245
100357	6 de Julio de Cuellaje (Cab. en Cuellaje)	1003	Cotacachi	10	Imbabura	0.458421	-78.529854	1664
100358	Vacas Galindo (el Churo) (Cab. en San Miguel Alto)	1003	Cotacachi	10	Imbabura	0.312408	-78.539211	592
100450	Otavalo	1004	Otavalo	10	Imbabura	0.214847	-78.267609	55534
100451	Doctor Miguel Egas Cabezas (Peguche)	1004	Otavalo	10	Imbabura	0.251915	-78.229302	6914
100452	Eugenio Espejo (Calpaqui)	1004	Otavalo	10	Imbabura	0.186539	-78.253864	8812
100453	González Suárez	1004	Otavalo	10	Imbabura	0.152832	-78.202772	7434
100454	Pataqui	1004	Otavalo	10	Imbabura	0.188706	-78.356838	221
100455	San José de Quichinche	1004	Otavalo	10	Imbabura	0.248230	-78.350556	8458
100456	San Juan de Iluman	1004	Otavalo	10	Imbabura	0.272769	-78.225867	9299
100457	San Pablo	1004	Otavalo	10	Imbabura	0.207912	-78.168604	5180
100458	San Rafael	1004	Otavalo	10	Imbabura	0.178533	-78.234071	5184
100459	Selva Alegre (Cab. en San Miguel de Pamplona)	1004	Otavalo	10	Imbabura	0.266328	-78.504628	1553
100550	Pimampiro	1005	Pimampiro	10	Imbabura	0.360119	-77.948198	10076
100551	Chuga	1005	Pimampiro	10	Imbabura	0.363945	-77.875924	1020
100552	Mariano Acosta	1005	Pimampiro	10	Imbabura	0.242238	-77.988373	1294
100553	San  Fco. de Sigsipamba	1005	Pimampiro	10	Imbabura	0.265999	-77.901191	976
100650	Urcuquí	1006	San Miguel de Urcuquí	10	Imbabura	0.420332	-78.176855	6551
100651	Cahuasqui	1006	San Miguel de Urcuquí	10	Imbabura	0.517019	-78.263086	1871
100653	Pablo Arenas	1006	San Miguel de Urcuquí	10	Imbabura	0.487890	-78.214669	2339
100654	San Blas	1006	San Miguel de Urcuquí	10	Imbabura	0.424657	-78.265474	3524
100655	Tumbabiro	1006	San Miguel de Urcuquí	10	Imbabura	0.456331	-78.195768	1680
150158	San Juan de Muyuna	1501	Tena	15	Napo	-0.988607	-77.776653	7314
150151	Ahuano	1501	Tena	15	Napo	-1.014051	-77.544466	7476
150153	Chontapunta	1501	Tena	15	Napo	-0.944972	-77.272608	8721
150154	Pano	1501	Tena	15	Napo	-0.913986	-78.158477	2179
150155	Puerto Misahualli	1501	Tena	15	Napo	-0.969248	-77.655459	4868
150156	Puerto Napo	1501	Tena	15	Napo	-1.084663	-77.747482	7152
150157	Talag	1501	Tena	15	Napo	-1.053109	-78.173723	3528
150350	Archidona	1503	Archidona	15	Napo	-0.732651	-78.182545	15316
150352	Cotundo	1503	Archidona	15	Napo	-0.697689	-77.826204	6879
150354	San Pablo de Ushpayacu	1503	Archidona	15	Napo	-0.902313	-77.722572	5657
150450	El Chaco	1504	El Chaco	15	Napo	-0.339961	-77.802088	5624
150451	Gonzalo Díaz de Pineda (el Bombón)	1504	El Chaco	15	Napo	-0.259101	-77.510277	519
150452	Linares	1504	El Chaco	15	Napo	-0.407861	-77.674032	174
150453	Oyacachi	1504	El Chaco	15	Napo	-0.185175	-77.956160	697
150454	Santa Rosa	1504	El Chaco	15	Napo	-0.210756	-77.792267	61493
150455	Sardinas	1504	El Chaco	15	Napo	-0.368295	-77.891097	585
150750	Baeza	1507	Quijos	15	Napo	-0.490395	-77.964857	2256
150751	Cosanga	1507	Quijos	15	Napo	-0.578698	-77.959091	471
150752	Cuyuja	1507	Quijos	15	Napo	-0.423053	-78.065142	504
150753	Papallacta	1507	Quijos	15	Napo	-0.366604	-78.157266	635
150754	San Francisco de Borja (Virgilio Dávila)	1507	Quijos	15	Napo	-0.433955	-77.870691	2474
150756	Sumaco	1507	Quijos	15	Napo	-0.486075	-77.715943	132
150950	Carlos Julio Arosemena Tola	1509	Carlos Julio Arosemena Tola	15	Napo	-1.164075	-77.939964	4647
160150	Puyo	1601	Pastaza	16	Pastaza	-1.470890	-77.986168	39473
160152	Canelos	1601	Pastaza	16	Pastaza	-1.575457	-77.720103	2696
160154	Diez de Agosto	1601	Pastaza	16	Pastaza	-1.439071	-77.875292	1402
160155	Fátima	1601	Pastaza	16	Pastaza	-1.415597	-77.983582	1645
160156	Montalvo (Andoas)	1601	Pastaza	16	Pastaza	-1.934245	-76.915179	4863
160157	Pomona	1601	Pastaza	16	Pastaza	-1.645457	-77.892134	284
160158	Río Corrientes	1601	Pastaza	16	Pastaza	-2.337927	-76.562782	457
160159	Río Tigre	1601	Pastaza	16	Pastaza	-1.902974	-76.251244	1055
160161	Sarayacu	1601	Pastaza	16	Pastaza	-1.802077	-77.433589	4072
160162	Simón Bolívar (Cab. en Mushullacta)	1601	Pastaza	16	Pastaza	-1.896115	-77.688983	7689
160163	Tarqui	1601	Pastaza	16	Pastaza	-1.571176	-77.962779	14144
160164	Teniente Hugo Ortiz	1601	Pastaza	16	Pastaza	-1.362838	-77.935874	1187
160165	Veracruz (Indillama) (Cab. en Indillama)	1601	Pastaza	16	Pastaza	-1.529821	-77.887634	2361
160166	El Triunfo	1601	Pastaza	16	Pastaza	-1.431648	-77.769603	60541
160250	Mera	1602	Mera	16	Pastaza	-1.338153	-78.063415	1909
160251	Madre Tierra	1602	Mera	16	Pastaza	-1.605004	-78.006180	3684
160252	Shell	1602	Mera	16	Pastaza	-1.491048	-78.055892	9494
160350	Santa Clara	1603	Santa Clara	16	Pastaza	-1.256153	-77.859214	3642
160351	San José	1603	Santa Clara	16	Pastaza	-1.335190	-77.881865	468
160450	Arajuno	1604	Arajuno	16	Pastaza	-1.259689	-77.656770	5690
160451	Curaray	1604	Arajuno	16	Pastaza	-1.353764	-76.693280	3863
170151	Alangasi	1701	Quito	17	Pichincha	-0.296040	-78.429799	34655
170152	Amaguaña	1701	Quito	17	Pichincha	-0.382115	-78.491140	43235
170153	Atahualpa (Habaspamba)	1701	Quito	17	Pichincha	0.148494	-78.342589	4004
170154	Calacali	1701	Quito	17	Pichincha	0.045779	-78.523827	4964
170155	Calderón (Carapungo)	1701	Quito	17	Pichincha	-0.085754	-78.415745	250877
170156	Conocoto	1701	Quito	17	Pichincha	-0.286971	-78.481323	127815
170157	Cumbaya	1701	Quito	17	Pichincha	-0.208618	-78.435925	41819
170158	Chavezpamba	1701	Quito	17	Pichincha	0.124809	-78.401770	579
170159	Checa (Chilpa)	1701	Quito	17	Pichincha	-0.163323	-78.262393	3204
170160	El Quinche	1701	Quito	17	Pichincha	-0.117532	-78.266333	18485
170161	Gualea	1701	Quito	17	Pichincha	0.117002	-78.760828	1704
170162	Guangopolo	1701	Quito	17	Pichincha	-0.252799	-78.437549	4336
170163	Guayllabamba	1701	Quito	17	Pichincha	-0.054055	-78.343323	20584
170164	La Merced	1701	Quito	17	Pichincha	-0.293848	-78.390889	11438
170165	Llano Chico	1701	Quito	17	Pichincha	-0.132799	-78.437939	15113
170166	Lloa	1701	Quito	17	Pichincha	-0.213902	-78.687126	1959
170168	Nanegal	1701	Quito	17	Pichincha	0.115619	-78.631563	2959
170169	Nanegalito	1701	Quito	17	Pichincha	0.047367	-78.714640	2776
170170	Nayon	1701	Quito	17	Pichincha	-0.171000	-78.431008	22065
170171	Nono	1701	Quito	17	Pichincha	-0.052855	-78.598652	2938
170172	Pacto	1701	Quito	17	Pichincha	0.156671	-78.844162	3898
170174	Perucho	1701	Quito	17	Pichincha	0.114138	-78.418653	704
170175	Pifo	1701	Quito	17	Pichincha	-0.281272	-78.267534	23202
170176	Pintag	1701	Quito	17	Pichincha	-0.447445	-78.336547	23240
170177	Pomasqui	1701	Quito	17	Pichincha	-0.048482	-78.459850	36883
170178	Puellaro	1701	Quito	17	Pichincha	0.078077	-78.384044	5155
170179	Puembo	1701	Quito	17	Pichincha	-0.167355	-78.369628	17780
170180	San Antonio	1701	Quito	17	Pichincha	0.033775	-78.445417	1446
170181	San José de Minas	1701	Quito	17	Pichincha	0.189155	-78.490518	5589
170183	Tababela	1701	Quito	17	Pichincha	-0.140946	-78.354682	3851
170184	Tumbaco	1701	Quito	17	Pichincha	-0.219726	-78.394721	79109
170185	Yaruqui	1701	Quito	17	Pichincha	-0.191724	-78.299678	26564
170186	Zambiza	1701	Quito	17	Pichincha	-0.144490	-78.417364	6160
170250	Cayambe	1702	Cayambe	17	Pichincha	0.002609	-78.065750	49308
170251	Ascazubi	1702	Cayambe	17	Pichincha	-0.076266	-78.264129	7851
170252	Cangahua	1702	Cayambe	17	Pichincha	-0.090672	-78.146355	18037
170253	Olmedo (Pesillo)	1702	Cayambe	17	Pichincha	0.071740	-77.983168	6515
170254	Oton	1702	Cayambe	17	Pichincha	-0.021267	-78.253807	3167
170255	Santa Rosa de Cuzubamba	1702	Cayambe	17	Pichincha	-0.035480	-78.278955	5996
170350	Machachi	1703	Mejía	17	Pichincha	-0.576104	-78.463803	32814
170351	Aloag	1703	Mejía	17	Pichincha	-0.453067	-78.648077	10319
170352	Aloasi	1703	Mejía	17	Pichincha	-0.541095	-78.611961	12530
170354	El Chaupi	1703	Mejía	17	Pichincha	-0.596537	-78.684776	1425
170355	Manuel Cornejo Astorga (Tandapi)	1703	Mejía	17	Pichincha	-0.410529	-78.784107	3341
170356	Tambillo	1703	Mejía	17	Pichincha	-0.413069	-78.558621	9851
170450	Tabacundo	1704	Pedro Moncayo	17	Pichincha	0.055152	-78.215098	21157
170451	La Esperanza	1704	Pedro Moncayo	17	Pichincha	0.056522	-78.256865	6868
170452	Malchingui	1704	Pedro Moncayo	17	Pichincha	0.028867	-78.356050	6307
170453	Tocachi	1704	Pedro Moncayo	17	Pichincha	0.050435	-78.299592	2028
170454	Tupigachi	1704	Pedro Moncayo	17	Pichincha	0.097242	-78.193823	6290
170551	Cotogchoa	1705	Rumiðahui	17	Pichincha	-0.409309	-78.456740	4384
170552	Rumipamba	1705	Rumiðahui	17	Pichincha	-0.456289	-78.440794	657
170750	San Miguel de los Bancos	1707	San Miguel de los Bancos	17	Pichincha	-0.028219	-78.963500	10708
170751	Mindo	1707	San Miguel de los Bancos	17	Pichincha	-0.059667	-78.743080	2953
170850	Pedro Vicente Maldonado	1708	Pedro Vicente Maldonado	17	Pichincha	0.148949	-79.057919	15475
170950	Puerto Quito	1709	Puerto Quito	17	Pichincha	0.155605	-79.239384	25067
180151	Ambatillo	1801	Ambato	18	Tungurahua	-1.220499	-78.661662	5281
180152	Atahualpa (Chisalata)	1801	Ambato	18	Tungurahua	-1.204613	-78.602741	14231
180154	Constantino Fernández (Cab. en Cullitahua)	1801	Ambato	18	Tungurahua	-1.192393	-78.642489	3931
180155	Huachi Grande	1801	Ambato	18	Tungurahua	-1.308792	-78.639888	15782
180156	Izamba	1801	Ambato	18	Tungurahua	-1.217514	-78.572267	22218
180157	Juan Benigno Vela	1801	Ambato	18	Tungurahua	-1.335874	-78.720452	7523
180158	Montalvo	1801	Ambato	18	Tungurahua	-1.325470	-78.622853	5254
180159	Pasa	1801	Ambato	18	Tungurahua	-1.240499	-78.738653	4238
180161	Pilaguin (Pilahuin)	1801	Ambato	18	Tungurahua	-1.347051	-78.835429	11450
180162	Quisapincha (Quizapincha)	1801	Ambato	18	Tungurahua	-1.192557	-78.716495	10777
180163	San Bartolomé de Pinllog	1801	Ambato	18	Tungurahua	-1.206916	-78.653058	10240
180164	San Fernando (Pasa San Fernando)	1801	Ambato	18	Tungurahua	-1.221278	-78.800332	2035
180165	Santa Rosa	1801	Ambato	18	Tungurahua	-1.302531	-78.676345	1653
180166	Totoras	1801	Ambato	18	Tungurahua	-1.307324	-78.606562	9674
180167	Cunchibamba	1801	Ambato	18	Tungurahua	-1.132541	-78.593046	5546
180168	Unamuncho	1801	Ambato	18	Tungurahua	-1.166286	-78.588974	6141
180250	Baños de Agua Santa	1802	Baños de Agua Santa	18	Tungurahua	-1.424522	-78.425342	16121
180251	Lligua	1802	Baños de Agua Santa	18	Tungurahua	-1.379015	-78.449463	343
180252	Río Negro	1802	Baños de Agua Santa	18	Tungurahua	-1.302011	-78.216153	1274
180253	Río Verde	1802	Baños de Agua Santa	18	Tungurahua	-1.373439	-78.320019	1337
180254	Ulba	1802	Baños de Agua Santa	18	Tungurahua	-1.384498	-78.373123	2833
180350	Cevallos	1803	Cevallos	18	Tungurahua	-1.350622	-78.612472	10433
180450	Mocha	1804	Mocha	18	Tungurahua	-1.419397	-78.699258	5820
180451	Pinguili	1804	Mocha	18	Tungurahua	-1.392144	-78.625244	1440
180550	Patate	1805	Patate	18	Tungurahua	-1.331038	-78.476590	8743
180551	El Triunfo	1805	Patate	18	Tungurahua	-1.311018	-78.411122	1328
180552	Los Andes (Cab. en Poatug)	1805	Patate	18	Tungurahua	-1.247277	-78.486725	1385
180553	Sucre (Cab. en Sucre-Patate Urcu)	1805	Patate	18	Tungurahua	-1.234849	-78.397684	2391
180650	Quero	1806	Quero	18	Tungurahua	-1.432964	-78.586982	14431
180651	Rumipamba	1806	Quero	18	Tungurahua	-1.453093	-78.634130	3007
180652	Yanayacu - Mochapata (Cab. en Yanayacu)	1806	Quero	18	Tungurahua	-1.468716	-78.678651	1646
180750	Pelileo	1807	San Pedro de Pelileo	18	Tungurahua	-1.348746	-78.528238	28073
180751	Benítez (Pachanlica)	1807	San Pedro de Pelileo	18	Tungurahua	-1.340932	-78.584094	2626
180752	Bolívar	1807	San Pedro de Pelileo	18	Tungurahua	-1.387388	-78.552043	2925
180753	Cotalo	1807	San Pedro de Pelileo	18	Tungurahua	-1.438443	-78.506002	2186
180754	Chiquicha (Cab. en Chiquicha Grande)	1807	San Pedro de Pelileo	18	Tungurahua	-1.253167	-78.535313	2844
180755	El Rosario (Rumichaca)	1807	San Pedro de Pelileo	18	Tungurahua	-1.280928	-78.554900	2675
180756	García Moreno (Chumaqui)	1807	San Pedro de Pelileo	18	Tungurahua	-1.303174	-78.540728	7836
180757	Guambalo (Huambalo)	1807	San Pedro de Pelileo	18	Tungurahua	-1.397255	-78.526707	8444
180758	Salasaca	1807	San Pedro de Pelileo	18	Tungurahua	-1.316990	-78.575341	6288
180850	Píllaro	1808	Santiago de Píllaro	18	Tungurahua	-1.154758	-78.510314	16012
180851	Baquerizo Moreno	1808	Santiago de Píllaro	18	Tungurahua	-1.212313	-78.467238	239
180852	Emilio María Terán (Rumipamba)	1808	Santiago de Píllaro	18	Tungurahua	-1.212303	-78.501151	1531
180853	Marcos Espinel (Chacata)	1808	Santiago de Píllaro	18	Tungurahua	-1.152160	-78.420598	2266
180854	Presidente Urbina (Chagrapamba -Patzucul)	1808	Santiago de Píllaro	18	Tungurahua	-1.145387	-78.556681	3265
180855	San Andrés	1808	Santiago de Píllaro	18	Tungurahua	-1.096924	-78.535647	12231
180856	San José de Poalo	1808	Santiago de Píllaro	18	Tungurahua	-1.070981	-78.403637	1807
180857	San Miguelito	1808	Santiago de Píllaro	18	Tungurahua	-1.203669	-78.527741	5146
180950	Tisaleo	1809	Tisaleo	18	Tungurahua	-1.350249	-78.667794	12676
180951	Quinchicoto	1809	Tisaleo	18	Tungurahua	-1.383124	-78.692862	1234
210150	Nueva Loja	2101	Lago Agrio	21	Sucumbíos	0.134314	-76.907139	65791
210152	Dureno	2101	Lago Agrio	21	Sucumbíos	0.005888	-76.687691	3149
210153	General Farfán	2101	Lago Agrio	21	Sucumbíos	0.180044	-76.743673	6681
210155	El Eno	2101	Lago Agrio	21	Sucumbíos	-0.044720	-76.871911	6918
210156	Pacayacu	2101	Lago Agrio	21	Sucumbíos	0.112166	-76.494925	8428
210157	Jambeli	2101	Lago Agrio	21	Sucumbíos	0.233232	-77.103000	1246
210158	Santa Cecilia	2101	Lago Agrio	21	Sucumbíos	0.077649	-76.987123	8669
210250	Lumbaqui	2102	Gonzalo Pizarro	21	Sucumbíos	0.066029	-77.398673	4178
210251	El Reventador	2102	Gonzalo Pizarro	21	Sucumbíos	0.072790	-77.730334	1068
210252	Gonzalo Pizarro	2102	Gonzalo Pizarro	21	Sucumbíos	-0.058562	-77.376739	3545
210254	Puerto Libre	2102	Gonzalo Pizarro	21	Sucumbíos	0.148882	-77.545697	1565
210350	Puerto el Carmen del Putumayo	2103	Putumayo	21	Sucumbíos	0.028185	-75.838448	3090
210351	Palma Roja	2103	Putumayo	21	Sucumbíos	0.107180	-76.208826	1085
210352	Puerto Bolívar (Puerto Montúfar)	2103	Putumayo	21	Sucumbíos	-0.045518	-76.028214	76
210353	Puerto Rodríguez	2103	Putumayo	21	Sucumbíos	-0.103841	-75.450369	295
210354	Santa Elena	2103	Putumayo	21	Sucumbíos	0.325326	-76.267947	1803
210450	Shushufindi	2104	Shushufindi	21	Sucumbíos	-0.153389	-76.623700	30747
210451	Limoncocha	2104	Shushufindi	21	Sucumbíos	-0.385899	-76.521593	6857
210452	Pañacocha	2104	Shushufindi	21	Sucumbíos	-0.416266	-76.056920	746
210453	San Roque (Cab. en San Vicente)	2104	Shushufindi	21	Sucumbíos	-0.316651	-76.396382	4483
210454	San Pedro de los Cofanes	2104	Shushufindi	21	Sucumbíos	-0.152107	-76.840372	3644
210455	Siete de Julio	2104	Shushufindi	21	Sucumbíos	-0.175139	-76.763348	4349
210550	La Bonita	2105	Sucumbíos	21	Sucumbíos	0.507921	-77.566184	935
210551	El Playón de San Francisco	2105	Sucumbíos	21	Sucumbíos	0.530018	-77.672027	1248
210552	La Sofía	2105	Sucumbíos	21	Sucumbíos	0.325719	-77.687585	122
210553	Rosa Florida	2105	Sucumbíos	21	Sucumbíos	0.347535	-77.510416	270
210554	Santa Bárbara	2105	Sucumbíos	21	Sucumbíos	0.604700	-77.524388	599
210650	El Dorado de Cascales	2106	Cascales	21	Sucumbíos	0.149857	-77.245961	3801
210651	Santa Rosa de Sucumbíos	2106	Cascales	21	Sucumbíos	0.168650	-77.139615	603
210652	Sevilla	2106	Cascales	21	Sucumbíos	0.092929	-77.148147	3106
210750	Tarapoa	2107	Cuyabeno	21	Sucumbíos	-0.190642	-76.255678	6739
210751	Cuyabeno	2107	Cuyabeno	21	Sucumbíos	-0.355914	-75.632493	435
210752	Aguas Negras	2107	Cuyabeno	21	Sucumbíos	-0.119492	-76.179605	1678
220150	Puerto Francisco de Orellana (el Coca)	2201	Orellana	22	Orellana	-0.439650	-76.989025	59104
220151	Dayuma	2201	Orellana	22	Orellana	-0.712459	-76.777427	7253
220152	Taracoa (Nueva Esperanza: Yuca)	2201	Orellana	22	Orellana	-0.543348	-76.782064	3107
220153	Alejandro Labaka	2201	Orellana	22	Orellana	-0.606712	-76.503079	1559
220154	El Dorado	2201	Orellana	22	Orellana	-0.532721	-76.921424	3279
220155	El Edén	2201	Orellana	22	Orellana	-0.567908	-76.193425	1246
220156	García Moreno	2201	Orellana	22	Orellana	-0.567952	-77.021089	11566
220157	Inés Arango (Cab. en Western)	2201	Orellana	22	Orellana	-0.976469	-76.824063	3661
220158	La Belleza	2201	Orellana	22	Orellana	-0.771934	-77.071714	5168
220159	Nuevo Paraíso (Cab. en Unión )	2201	Orellana	22	Orellana	-0.336621	-77.117017	3511
220160	San José de Guayusa	2201	Orellana	22	Orellana	-0.183302	-77.174672	3255
220161	San Luis de Armenia	2201	Orellana	22	Orellana	-0.412033	-77.158205	2496
220250	Nuevo Rocafuerte	2202	Aguarico	22	Orellana	-1.010456	-75.599580	3662
220251	Capitán Augusto Rivadeneyra	2202	Aguarico	22	Orellana	-0.561331	-75.808909	1142
220252	Cononaco	2202	Aguarico	22	Orellana	-1.053334	-76.071878	708
220253	Santa María de Huiririma	2202	Aguarico	22	Orellana	-0.652770	-75.644712	13668
220254	Tiputini	2202	Aguarico	22	Orellana	-0.791679	-75.671798	938
220255	Yasuni	2202	Aguarico	22	Orellana	-0.767310	-75.349997	422
220350	La Joya de los Sachas	2203	La Joya de los Sachas	22	Orellana	-0.309125	-76.844166	25989
220351	Enokanqui	2203	La Joya de los Sachas	22	Orellana	-0.228492	-76.838649	3232
220352	Pompeya	2203	La Joya de los Sachas	22	Orellana	-0.416655	-76.682036	1661
220353	San Carlos	2203	La Joya de los Sachas	22	Orellana	-0.398271	-76.892326	9404
220354	San Sebastián del Coca	2203	La Joya de los Sachas	22	Orellana	-0.223630	-77.022633	5280
220355	Lago San Pedro	2203	La Joya de los Sachas	22	Orellana	-0.245314	-76.926250	2287
220356	Rumipamba	2203	La Joya de los Sachas	22	Orellana	-0.101624	-76.958894	2144
220357	Tres de Noviembre	2203	La Joya de los Sachas	22	Orellana	-0.165065	-76.926979	3945
220358	Unión Milagreña	2203	La Joya de los Sachas	22	Orellana	-0.388566	-76.778869	3663
220450	Loreto	2204	Loreto	22	Orellana	-0.655565	-77.279719	7677
220451	Ávila (Cab. en Huiruno)	2204	Loreto	22	Orellana	-0.667475	-77.378217	5863
220452	Puerto Murialdo	2204	Loreto	22	Orellana	-0.650238	-77.167479	3934
220453	San José de Payamino	2204	Loreto	22	Orellana	-0.515271	-77.319042	3576
220454	San José de Dahuano	2204	Loreto	22	Orellana	-0.822298	-77.415795	5461
220455	San Vicente de Huaticocha	2204	Loreto	22	Orellana	-0.679205	-77.510507	1209
230150	Santo Domingo de los Colorados	2301	Santo Domingo	23	Santo Domingo de los Tsáchilas	-0.225766	-79.144538	373321
230151	Alluriquin	2301	Santo Domingo	23	Santo Domingo de los Tsáchilas	-0.294255	-78.944710	8607
230152	Puerto Limón	2301	Santo Domingo	23	Santo Domingo de los Tsáchilas	-0.354702	-79.358630	11630
230153	Luz de América	2301	Santo Domingo	23	Santo Domingo de los Tsáchilas	-0.462948	-79.338947	11504
230154	San Jacinto del Bua	2301	Santo Domingo	23	Santo Domingo de los Tsáchilas	-0.147039	-79.416997	13624
230155	Valle Hermoso	2301	Santo Domingo	23	Santo Domingo de los Tsáchilas	-0.064804	-79.241867	9865
230156	El Esfuerzo	2301	Santo Domingo	23	Santo Domingo de los Tsáchilas	-0.461852	-79.207186	5973
230157	Santa María del Toachi	2301	Santo Domingo	23	Santo Domingo de los Tsáchilas	-0.583536	-79.232492	7059
900151	Las Golondrinas	9001	Las Golondrinas	90	Zona No Delimitada	0.318660	-79.073092	0
900451	El Piedrero	9004	El Piedrero	90	Zona No Delimitada	-2.374673	-79.267425	0
100652	La Merced de Buenos Aires	1006	San Miguel de Urcuquí	10	Imbabura	0.643526	-78.381137	2004
170150	Quito	1701	Quito	17	Pichincha	-0.211700	-78.522805	1776364
080652	Sua (Cab. en la Bocana)	0806	Atacames	08	Esmeraldas	0.767932	-79.888579	4412
080654	Tonsupa	0806	Atacames	08	Esmeraldas	0.879909	-79.773064	13266
080853	Plan Piloto	0808	La Concordia	08	Esmeraldas	-0.048264	-79.440562	2293
100252	San Fco. de Natabuela	1002	Antonio Ante	10	Imbabura	0.314114	-78.191912	7974
170550	Sangolqui	1705	Rumiðahui	17	Pichincha	-0.355396	-78.435873	102863
180150	Ambato	1801	Ambato	18	Tungurahua	-1.257393	-78.614196	188338
180153	Augusto N. Martínez (Mundugleo)	1801	Ambato	18	Tungurahua	-1.167471	-78.629447	8474
180160	Picaigua	1801	Ambato	18	Tungurahua	-1.276735	-78.578043	10382
060155	Lican	0601	Riobamba	06	Chimborazo	-1.643447	-78.703761	11726
060750	Guano	0607	Guano	06	Chimborazo	-1.604253	-78.618480	22764
010151	Baños	0101	Cuenca	01	Azuay	-2.983116	-79.225175	21797
010152	Cumbe	0101	Cuenca	01	Azuay	-3.098448	-79.018032	6455
010153	Chaucha	0101	Cuenca	01	Azuay	-2.929715	-79.391081	1721
010154	Checa (Jidcay)	0101	Cuenca	01	Azuay	-2.734088	-79.025391	11492
010155	Chiquintad	0101	Cuenca	01	Azuay	-2.769118	-79.056564	5738
010156	Llacao	0101	Cuenca	01	Azuay	-2.841844	-78.927336	7468
010157	Molleturo	0101	Cuenca	01	Azuay	-2.717509	-79.397208	6882
010158	Nulti	0101	Cuenca	01	Azuay	-2.863967	-78.890429	6707
010159	Octavio Cordero Palacios (Sta. Rosa)	0101	Cuenca	01	Azuay	-2.775141	-78.971264	2516
010160	Paccha	0101	Cuenca	01	Azuay	-2.898691	-78.929385	8497
010161	Quingeo	0101	Cuenca	01	Azuay	-3.055301	-78.941576	7318
010162	Ricaurte	0101	Cuenca	01	Azuay	-2.856626	-78.963273	26919
010163	San Joaquín	0101	Cuenca	01	Azuay	-2.898232	-79.187755	10728
010164	Santa Ana	0101	Cuenca	01	Azuay	-2.965908	-78.912968	7027
010165	Sayausi	0101	Cuenca	01	Azuay	-2.800956	-79.170217	10352
010166	Sidcay	0101	Cuenca	01	Azuay	-2.815812	-78.968167	5039
010167	Sinincay	0101	Cuenca	01	Azuay	-2.850093	-79.017504	26725
010168	Tarqui	0101	Cuenca	01	Azuay	-3.003435	-79.044125	14242
010169	Turi	0101	Cuenca	01	Azuay	-2.946123	-79.020968	13901
010170	Valle	0101	Cuenca	01	Azuay	-2.944882	-78.966403	34785
010171	Victoria del Portete (Irquis)	0101	Cuenca	01	Azuay	-3.069384	-79.119804	6654
010250	Girón	0102	Girón	01	Azuay	-3.178448	-79.127567	8441
010251	Asunción	0102	Girón	01	Azuay	-3.230742	-79.245324	2683
010252	San Gerardo	0102	Girón	01	Azuay	-3.126846	-79.210072	1058
010350	Gualaceo	0103	Gualaceo	01	Azuay	-2.894694	-78.799335	0
010352	Daniel Córdova Toral (el Oriente)	0103	Gualaceo	01	Azuay	-2.875192	-78.718499	1552
010353	Jadan	0103	Gualaceo	01	Azuay	-2.894739	-78.851302	4581
010354	Mariano Moreno	0103	Gualaceo	01	Azuay	-2.842822	-78.728123	2513
010356	Remigio Crespo Toral (Gulag)	0103	Gualaceo	01	Azuay	-2.935012	-78.732066	1380
010357	San Juan	0103	Gualaceo	01	Azuay	-2.961723	-78.824413	6309
010358	Zhidmad	0103	Gualaceo	01	Azuay	-2.945700	-78.881175	3045
010359	Luis Cordero Vega	0103	Gualaceo	01	Azuay	-2.942466	-78.687496	2670
010360	Simón Bolívar (Cab. en Gañanzol)	0103	Gualaceo	01	Azuay	-2.974309	-78.790021	16448
010451	Cochapata	0104	Nabón	01	Azuay	-3.383188	-79.065366	2981
010452	El Progreso (Cab. en Zhota)	0104	Nabón	01	Azuay	-3.372748	-79.245693	865
010453	Las Nieves (Chaya)	0104	Nabón	01	Azuay	-3.306884	-79.151831	1310
010550	Paute	0105	Paute	01	Azuay	-2.786441	-78.781252	11497
010552	Bulan (José Víctor Izquierdo)	0105	Paute	01	Azuay	-2.715536	-78.771365	1911
010553	Chican (Guillermo Ortega)	0105	Paute	01	Azuay	-2.813826	-78.749808	3394
010554	El Cabo	0105	Paute	01	Azuay	-2.843432	-78.797981	3366
010556	Guarainag	0105	Paute	01	Azuay	-2.676696	-78.643941	701
010559	San Cristóbal (Carlos Ordóñez Lazo)	0105	Paute	01	Azuay	-2.835512	-78.847577	2819
010561	Tomebamba	0105	Paute	01	Azuay	-2.717974	-78.682974	1315
010562	Dug Dug	0105	Paute	01	Azuay	-2.723094	-78.725598	1779
010650	Pucará	0106	Pucará	01	Azuay	-3.181731	-79.525793	8001
010652	San Rafael de Sharug	0106	Pucará	01	Azuay	-3.272087	-79.540156	1692
010750	San Fernando	0107	San Fernando	01	Azuay	-3.140512	-79.272537	2985
010751	Chumblin	0107	San Fernando	01	Azuay	-3.093482	-79.245364	753
010850	Santa Isabel (Chaguarurco)	0108	Santa Isabel	01	Azuay	-3.277454	-79.357339	10410
010851	Abdón Calderón (la Unión)	0108	Santa Isabel	01	Azuay	-3.258352	-79.272609	4228
010853	Zhaglli (Shaglli )	0108	Santa Isabel	01	Azuay	-3.106474	-79.391307	1849
010950	Sígsig	0109	Sígsig	01	Azuay	-3.065867	-78.759010	10656
010951	Cuchil (Cutchil)	0109	Sígsig	01	Azuay	-3.144448	-78.811479	1638
010952	Gima	0109	Sígsig	01	Azuay	-3.209692	-78.933573	2778
010953	Guel	0109	Sígsig	01	Azuay	-3.025666	-78.763160	1058
010954	Ludo	0109	Sígsig	01	Azuay	-3.094103	-78.882708	3429
010955	San Bartolomé	0109	Sígsig	01	Azuay	-3.013803	-78.849027	3368
010956	San José de Raranga	0109	Sígsig	01	Azuay	-3.138777	-78.939571	2065
011050	San Felipe de Oña	0110	Oña	01	Azuay	-3.512133	-79.106638	2456
011051	Susudel	0110	Oña	01	Azuay	-3.419072	-79.203879	966
011150	Chordeleg	0111	Chordeleg	01	Azuay	-2.940896	-78.776496	6907
011151	Principal	0111	Chordeleg	01	Azuay	-3.024430	-78.716818	1158
011152	La Unión	0111	Chordeleg	01	Azuay	-2.944462	-78.751919	34161
011153	Luis Galarza Orellana (Cab. en Delegsol)	0111	Chordeleg	01	Azuay	-2.997820	-78.713239	1237
011154	San Martín de Puzhio	0111	Chordeleg	01	Azuay	-2.977935	-78.747435	1020
011250	El Pan	0112	El Pan	01	Azuay	-2.780070	-78.670046	1085
011253	San Vicente	0112	El Pan	01	Azuay	-2.869384	-78.652384	1055
011350	Sevilla de Oro	0113	Sevilla de Oro	01	Azuay	-2.796387	-78.623288	2027
011351	Amaluza	0113	Sevilla de Oro	01	Azuay	-2.628099	-78.525205	896
011352	Palmas	0113	Sevilla de Oro	01	Azuay	-2.698675	-78.603436	1690
011450	Guachapala	0114	Guachapala	01	Azuay	-2.773269	-78.701440	3586
011550	Camilo Ponce Enríquez	0115	Camilo Ponce Enríquez	01	Azuay	-3.051305	-79.654363	22810
011551	El Carmen de Pijili	0115	Camilo Ponce Enríquez	01	Azuay	-2.924536	-79.558191	2648
030150	Azogues	0301	Azogues	03	Cañar	-2.716926	-78.823063	41249
030151	Cojitambo	0301	Azogues	03	Cañar	-2.756634	-78.883823	3612
030153	Guapan	0301	Azogues	03	Cañar	-2.672343	-78.843852	8921
030154	Javier Loyola (Chuquipata)	0301	Azogues	03	Cañar	-2.807106	-78.890001	8591
030155	Luis Cordero	0301	Azogues	03	Cañar	-2.743714	-78.813706	3931
030156	Pindilig	0301	Azogues	03	Cañar	-2.603900	-78.717806	1837
030157	Rivera	0301	Azogues	03	Cañar	-2.524818	-78.677737	1568
030158	San Miguel	0301	Azogues	03	Cañar	-2.798596	-78.839178	39101
030160	Taday	0301	Azogues	03	Cañar	-2.658049	-78.706695	1191
030250	Biblián	0302	Biblián	03	Cañar	-2.665834	-78.908327	12379
030251	Nazon (Cab. en Pampa de Domínguez)	0302	Biblián	03	Cañar	-2.685968	-79.013366	2232
030252	San Francisco de Sageo	0302	Biblián	03	Cañar	-2.711850	-78.875024	1471
030253	Turupamba	0302	Biblián	03	Cañar	-2.728171	-78.909981	1078
030254	Jerusalén	0302	Biblián	03	Cañar	-2.653713	-78.971327	1692
030350	Cañar	0303	Cañar	03	Cañar	-2.544131	-78.984538	17305
030351	Chontamarca	0303	Cañar	03	Cañar	-2.391779	-79.152885	3191
030352	Chorocopte	0303	Cañar	03	Cañar	-2.594545	-78.965531	2726
030353	General Morales (Socarte)	0303	Cañar	03	Cañar	-2.367344	-79.049311	2300
030354	Gualleturo	0303	Cañar	03	Cañar	-2.583880	-79.095587	3223
030355	Honorato Vásquez (Tambo Viejo)	0303	Cañar	03	Cañar	-2.601814	-78.873201	5813
030356	Ingapirca	0303	Cañar	03	Cañar	-2.518742	-78.820058	6964
030357	Juncal	0303	Cañar	03	Cañar	-2.434689	-78.890090	1680
030358	San Antonio	0303	Cañar	03	Cañar	-2.595176	-79.226160	21420
030361	Zhud	0303	Cañar	03	Cañar	-2.450446	-78.988261	1683
030362	Ventura	0303	Cañar	03	Cañar	-2.282177	-79.129949	1357
030363	Ducur	0303	Cañar	03	Cañar	-2.466689	-79.174063	3688
030450	La Troncal	0304	La Troncal	03	Cañar	-2.439359	-79.325573	46505
030451	Manuel J. Calle	0304	La Troncal	03	Cañar	-2.378391	-79.403530	4732
030452	Pancho Negro	0304	La Troncal	03	Cañar	-2.471897	-79.419236	10866
030550	El Tambo	0305	El Tambo	03	Cañar	-2.491261	-78.918329	9285
030650	Déleg	0306	Déleg	03	Cañar	-2.751524	-78.941143	4273
030651	Solano	0306	Déleg	03	Cañar	-2.809303	-78.932349	1773
030750	Suscal	0307	Suscal	03	Cañar	-2.464231	-79.066852	4627
070150	Machala	0701	Machala	07	El Oro	-3.286476	-79.937207	301771
070152	El Retiro	0701	Machala	07	El Oro	-3.379108	-79.956793	4538
070250	Arenillas	0702	Arenillas	07	El Oro	-3.560211	-80.042913	23919
070251	Chacras	0702	Arenillas	07	El Oro	-3.530636	-80.165428	1926
070254	Palmales	0702	Arenillas	07	El Oro	-3.700040	-80.105934	3385
070255	Carcabon	0702	Arenillas	07	El Oro	-3.631071	-80.161572	883
070350	Paccha	0703	Atahualpa	07	El Oro	-3.561075	-79.661672	2509
070351	Ayapamba	0703	Atahualpa	07	El Oro	-3.579385	-79.728032	1413
070352	Cordoncillo	0703	Atahualpa	07	El Oro	-3.554558	-79.629540	985
070353	Milagro	0703	Atahualpa	07	El Oro	-3.623821	-79.666513	435
070354	San José	0703	Atahualpa	07	El Oro	-3.629309	-79.655547	879
070355	San Juan de Cerro Azul	0703	Atahualpa	07	El Oro	-3.516025	-79.764487	302
070450	Balsas	0704	Balsas	07	El Oro	-3.771148	-79.833149	6289
070451	Bellamaria	0704	Balsas	07	El Oro	-3.758756	-79.856749	1586
070550	Chilla	0705	Chilla	07	El Oro	-3.441606	-79.627542	2251
070650	El Guabo	0706	El Guabo	07	El Oro	-3.223945	-79.801215	35467
070651	Barbones (Sucre)	0706	El Guabo	07	El Oro	-3.165496	-79.871715	7364
070652	La Iberia	0706	El Guabo	07	El Oro	-3.243902	-79.876132	4433
070653	Tendales (Cab. en Puerto Tendales)	0706	El Guabo	07	El Oro	-3.134987	-79.801711	5388
070654	Río Bonito	0706	El Guabo	07	El Oro	-3.129963	-79.716269	6884
070750	Huaquillas	0707	Huaquillas	07	El Oro	-3.460199	-80.185318	56303
070850	Marcabelí	0708	Marcabelí	07	El Oro	-3.787369	-79.929926	6614
070851	El Ingenio	0708	Marcabelí	07	El Oro	-3.728485	-79.945992	256
070950	Pasaje	0709	Pasaje	07	El Oro	-3.384604	-79.768403	60966
070951	Buenavista	0709	Pasaje	07	El Oro	-3.369657	-79.834472	7744
070952	Casacay	0709	Pasaje	07	El Oro	-3.348803	-79.710375	2887
070953	La Peaña	0709	Pasaje	07	El Oro	-3.311137	-79.851027	4025
070954	Progreso	0709	Pasaje	07	El Oro	-3.265676	-79.688652	4906
070955	Uzhcurrumi	0709	Pasaje	07	El Oro	-3.350845	-79.598937	904
070956	Cañaquemada	0709	Pasaje	07	El Oro	-3.281471	-79.810047	2165
071050	Piñas	0710	Piñas	07	El Oro	-3.669100	-79.697924	20479
071051	Capiro (Cab. en la Capilla de Capiro)	0710	Piñas	07	El Oro	-3.790620	-79.757182	1820
071052	La Bocana	0710	Piñas	07	El Oro	-3.701146	-79.902847	1357
071053	Moromoro (Cab. en el Vado)	0710	Piñas	07	El Oro	-3.668861	-79.764296	1264
071054	Piedras	0710	Piñas	07	El Oro	-3.631576	-79.913061	517
071055	San Roque (Ambrosio Maldonado)	0710	Piñas	07	El Oro	-3.739461	-79.680247	12226
071056	Saracay	0710	Piñas	07	El Oro	-3.667494	-79.836815	2775
071150	Portovelo	0711	Portovelo	07	El Oro	-3.725470	-79.608598	11389
071151	Curtincapa	0711	Portovelo	07	El Oro	-3.732974	-79.540560	538
071152	Morales	0711	Portovelo	07	El Oro	-3.702642	-79.455735	692
071153	Salati	0711	Portovelo	07	El Oro	-3.765622	-79.494926	937
071250	Santa Rosa	0712	Santa Rosa	07	El Oro	-3.442793	-79.929285	28210
071251	Bellavista	0712	Santa Rosa	07	El Oro	-3.510382	-79.963767	5047
071252	Jambeli	0712	Santa Rosa	07	El Oro	-3.352477	-80.138532	3478
071253	La Avanzada	0712	Santa Rosa	07	El Oro	-3.565884	-79.946376	2435
071254	San Antonio	0712	Santa Rosa	07	El Oro	-3.543402	-80.006485	1077
071255	Torata	0712	Santa Rosa	07	El Oro	-3.585810	-79.850719	2174
071256	Victoria	0712	Santa Rosa	07	El Oro	-3.416784	-79.827180	3726
071257	Bellamaria	0712	Santa Rosa	07	El Oro	-3.517584	-79.856923	2732
071350	Zaruma	0713	Zaruma	07	El Oro	-3.684660	-79.608721	11592
071351	Abañin	0713	Zaruma	07	El Oro	-3.337964	-79.519280	1333
071352	Arcapamba	0713	Zaruma	07	El Oro	-3.631316	-79.607602	970
071353	Guanazan	0713	Zaruma	07	El Oro	-3.446586	-79.501374	2195
071354	Guizhaguiña	0713	Zaruma	07	El Oro	-3.655932	-79.471090	1832
071355	Huertas	0713	Zaruma	07	El Oro	-3.581992	-79.604458	2310
071356	Malvas	0713	Zaruma	07	El Oro	-3.673670	-79.630201	963
071357	Muluncay Grande	0713	Zaruma	07	El Oro	-3.639132	-79.634673	817
071358	Sinsao	0713	Zaruma	07	El Oro	-3.621147	-79.577098	1594
071359	Salvias	0713	Zaruma	07	El Oro	-3.592596	-79.522769	768
071450	La Victoria	0714	Las Lajas	07	El Oro	-3.787509	-80.089806	3287
071451	La Libertad	0714	Las Lajas	07	El Oro	-3.850688	-80.109955	3718
071452	El Paraíso	0714	Las Lajas	07	El Oro	-3.801644	-80.021669	880
071453	San Isidro	0714	Las Lajas	07	El Oro	-3.736321	-79.994887	700
090150	Guayaquil	0901	Guayaquil	09	Guayas	-2.334057	-80.038306	2665392
090152	Juan Gómez Rendón (Progreso)	0901	Guayaquil	09	Guayas	-2.398456	-80.330653	13483
090153	Morro	0901	Guayaquil	09	Guayas	-2.565701	-80.317026	6502
090156	Posorja	0901	Guayaquil	09	Guayas	-2.691054	-80.284001	33709
090157	Puna	0901	Guayaquil	09	Guayas	-2.839836	-80.120398	15275
090158	Tenguel	0901	Guayaquil	09	Guayas	-3.007535	-79.794125	12042
090250	Alfredo Baquerizo Moreno (Jujan)	0902	Alfredo Baquerizo Moreno	09	Guayas	-1.946949	-79.547419	25526
090350	Balao	0903	Balao	09	Guayas	-2.892568	-79.734093	25655
090450	Balzar	0904	Balzar	09	Guayas	-1.290241	-79.907295	57829
090550	Colimes	0905	Colimes	09	Guayas	-1.499773	-80.066835	20339
090551	San Jacinto	0905	Colimes	09	Guayas	-1.610644	-80.140411	5912
090650	Daule	0906	Daule	09	Guayas	-1.877370	-79.970314	183399
090652	Juan Bautista Aguirre (los Tintos)	0906	Daule	09	Guayas	-1.890815	-79.873989	9380
090653	Laurel	0906	Daule	09	Guayas	-1.812542	-79.916485	10558
090654	Limonal	0906	Daule	09	Guayas	-1.806861	-80.011649	9414
090656	Los Lojas (Enrique Baquerizo Moreno)	0906	Daule	09	Guayas	-1.987386	-79.916899	9695
090750	Eloy Alfaro (Durán)	0907	Durán	09	Guayas	-2.230258	-79.782403	6566
090850	Velasco Ibarra (Cab. el Empalme)	0908	Empalme	09	Guayas	-1.036827	-79.672597	50951
090851	Guayas (Pueblo Nuevo)	0908	Empalme	09	Guayas	-0.944728	-79.614660	18735
090852	El Rosario	0908	Empalme	09	Guayas	-1.052824	-79.778702	10081
090950	El Triunfo	0909	El Triunfo	09	Guayas	-2.295005	-79.360121	1360
091050	Milagro	0910	Milagro	09	Guayas	-2.102936	-79.578273	173407
091051	Chobo	0910	Milagro	09	Guayas	-2.140442	-79.637081	3761
091053	Mariscal Sucre (Huaques)	0910	Milagro	09	Guayas	-2.082235	-79.507823	6072
091054	Roberto Astudillo (Cab. en Cruce de Venecia)	0910	Milagro	09	Guayas	-2.168943	-79.510292	12703
091150	Naranjal	0911	Naranjal	09	Guayas	-2.711475	-79.641744	52002
091151	Jesús María	0911	Naranjal	09	Guayas	-2.580933	-79.528130	6622
091152	San Carlos	0911	Naranjal	09	Guayas	-2.544128	-79.472476	12037
091153	Santa Rosa de Flandes	0911	Naranjal	09	Guayas	-2.629587	-79.683118	6196
091154	Taura	0911	Naranjal	09	Guayas	-2.430032	-79.644400	9467
091250	Naranjito	0912	Naranjito	09	Guayas	-2.154069	-79.397831	44169
091350	Palestina	0913	Palestina	09	Guayas	-1.636848	-79.919272	18019
091450	Pedro Carbo	0914	Pedro Carbo	09	Guayas	-1.827168	-80.324252	38405
091451	Valle de la Virgen	0914	Pedro Carbo	09	Guayas	-1.726464	-80.191057	5751
091452	Sabanilla	0914	Pedro Carbo	09	Guayas	-1.929118	-80.263238	8021
091650	Samborondón	0916	Samborondón	09	Guayas	-1.993234	-79.765830	81854
091651	Tarifa	0916	Samborondón	09	Guayas	-1.970156	-79.815451	16686
091850	Santa Lucía	0918	Santa Lucía	09	Guayas	-1.714516	-80.035168	43700
091950	El Salitre (las Ramas)	0919	Salitre	09	Guayas	-1.833145	-79.822249	30549
091951	Gral. Vernaza (Dos Esteros)	0919	Salitre	09	Guayas	-1.770526	-79.781068	10522
091952	La Victoria (Ñauza)	0919	Salitre	09	Guayas	-1.886943	-79.725675	1361
091953	Junquillal	0919	Salitre	09	Guayas	-1.728549	-79.859341	12680
092050	San Jacinto de Yaguachi	0920	San Jacinto de Yaguachi	09	Guayas	-2.069440	-79.708465	32914
092053	Gral. Pedro J. Montero (Boliche)	0920	San Jacinto de Yaguachi	09	Guayas	-2.262696	-79.591495	8461
092055	Yaguachi Viejo (Cone)	0920	San Jacinto de Yaguachi	09	Guayas	-2.188313	-79.670968	13140
092056	Virgen de Fátima	0920	San Jacinto de Yaguachi	09	Guayas	-2.264866	-79.670943	18184
092150	General Villamil (Playas)	0921	Playas	09	Guayas	-2.556733	-80.438202	58768
092250	Simón Bolívar	0922	Simón Bolívar	09	Guayas	-2.003236	-79.451345	732
092251	Crnel. Lorenzo de Garaicoa (Pedregal)	0922	Simón Bolívar	09	Guayas	-2.063952	-79.373341	12979
092350	Coronel Marcelino Maridueña (San Carlos)	0923	Crnel. Marcelino Maridueña	09	Guayas	-2.239200	-79.382071	13183
092450	Lomas de Sargentillo	0924	Lomas de Sargentillo	09	Guayas	-1.850180	-80.080293	22254
092550	Narcisa de Jesús	0925	Nobol	09	Guayas	-1.965236	-80.049439	23850
092750	Gral. Antonio Elizalde (Bucay)	0927	Gnral. Antonio Elizalde	09	Guayas	-2.156308	-79.202205	11810
092850	Isidro Ayora	0928	Isidro Ayora	09	Guayas	-1.962416	-80.162566	14305
110150	Loja	1101	Loja	11	Loja	-3.994384	-79.204203	214296
110151	Chantaco	1101	Loja	11	Loja	-3.875586	-79.323017	1025
110152	Chuquiribamba	1101	Loja	11	Loja	-3.841989	-79.356444	2114
110153	El Cisne	1101	Loja	11	Loja	-3.838404	-79.451731	1639
110154	Gualel	1101	Loja	11	Loja	-3.752627	-79.373269	2082
110155	Jimbilla	1101	Loja	11	Loja	-3.866389	-79.175814	1010
110156	Malacatos (Valladolid)	1101	Loja	11	Loja	-4.188454	-79.236195	8669
110157	San Lucas	1101	Loja	11	Loja	-3.748404	-79.241604	4686
110158	San Pedro de Vilcabamba	1101	Loja	11	Loja	-4.226221	-79.175600	1305
110159	Santiago	1101	Loja	11	Loja	-3.796761	-79.288144	1051
110160	Taquil (Miguel Riofrío)	1101	Loja	11	Loja	-3.920302	-79.291611	3720
110161	Vilcabamba (Victoria)	1101	Loja	11	Loja	-4.279861	-79.228333	5516
110162	Yangana (Arsenio Castillo)	1101	Loja	11	Loja	-4.391002	-79.182120	1413
110163	Quinara	1101	Loja	11	Loja	-4.388739	-79.273172	1502
110250	Cariamanga	1102	Calvas	11	Loja	-4.327121	-79.567269	19551
110251	Colaisaca	1102	Calvas	11	Loja	-4.252531	-79.692380	1430
110252	El Lucero	1102	Calvas	11	Loja	-4.393563	-79.501411	2658
110253	Utuana	1102	Calvas	11	Loja	-4.374857	-79.676840	1016
110254	Sanguillin	1102	Calvas	11	Loja	-4.468236	-79.532144	1387
110350	Catamayo (la Toma)	1103	Catamayo	11	Loja	-3.969355	-79.348736	28127
110351	El Tambo	1103	Catamayo	11	Loja	-4.087270	-79.294600	4439
110352	Guayquichuma	1103	Catamayo	11	Loja	-3.860778	-79.522255	293
110353	San Pedro de la Bendita	1103	Catamayo	11	Loja	-3.963666	-79.449028	1924
110354	Zambi	1103	Catamayo	11	Loja	-3.942349	-79.509046	457
110450	Celica	1104	Celica	11	Loja	-4.149315	-79.950337	6685
110451	Cruzpamba (Cab en Carlos Bustamante)	1104	Celica	11	Loja	-4.172435	-80.020990	1165
110455	Pozul (San Juan de Pozul)	1104	Celica	11	Loja	-4.126571	-80.052506	3273
110456	Sabanilla	1104	Celica	11	Loja	-4.213763	-80.146522	2552
110457	Tnte. Maximiliano Rodríguez Loaiza	1104	Celica	11	Loja	-4.200638	-80.061005	704
110550	Chaguarpamba	1105	Chaguarpamba	11	Loja	-3.865779	-79.628511	3466
110551	Buenavista	1105	Chaguarpamba	11	Loja	-3.898101	-79.715265	1193
110552	El Rosario	1105	Chaguarpamba	11	Loja	-3.801592	-79.636576	382
110553	Santa Rufina	1105	Chaguarpamba	11	Loja	-3.868708	-79.762914	1211
110554	Amarillos	1105	Chaguarpamba	11	Loja	-3.883671	-79.687688	605
110650	Amaluza	1106	Espíndola	11	Loja	-4.596319	-79.391159	4142
110651	Bellavista	1106	Espíndola	11	Loja	-4.523348	-79.461773	2163
110652	Jimbura	1106	Espíndola	11	Loja	-4.653853	-79.443923	2050
110653	Santa Teresita	1106	Espíndola	11	Loja	-4.532155	-79.377415	1450
110654	27 de Abril (Cab. en la Naranja)	1106	Espíndola	11	Loja	-4.450097	-79.450854	1865
110655	El Ingenio	1106	Espíndola	11	Loja	-4.443727	-79.375487	1647
110656	El Airo	1106	Espíndola	11	Loja	-4.478424	-79.375544	802
110750	Gonzanamá	1107	Gonzanamá	11	Loja	-4.226921	-79.443064	2883
110751	Changaimina (la Libertad)	1107	Gonzanamá	11	Loja	-4.235313	-79.526764	2402
110753	Nambacola	1107	Gonzanamá	11	Loja	-4.097355	-79.433343	4257
110754	Purunuma (Eguiguren)	1107	Gonzanamá	11	Loja	-4.218440	-79.362499	986
110756	Sacapalca	1107	Gonzanamá	11	Loja	-4.148221	-79.530579	1719
110850	Macará	1108	Macará	11	Loja	-4.322705	-79.962810	15235
110851	Larama	1108	Macará	11	Loja	-4.252127	-79.898744	985
110852	La Victoria	1108	Macará	11	Loja	-4.453347	-79.796247	7309
110853	Sabiango (la Capilla)	1108	Macará	11	Loja	-4.361645	-79.826324	634
110950	Catacocha	1109	Paltas	11	Loja	-4.077468	-79.648447	12129
110951	Cangonama	1109	Paltas	11	Loja	-3.953792	-79.717885	991
110952	Guachanama	1109	Paltas	11	Loja	-4.039831	-79.862365	2406
110954	Lauro Guerrero	1109	Paltas	11	Loja	-3.940623	-79.786100	1680
110956	Orianga	1109	Paltas	11	Loja	-3.875606	-79.890875	1586
110957	San Antonio	1109	Paltas	11	Loja	-3.983519	-79.657907	9482
110958	Casanga	1109	Paltas	11	Loja	-4.020451	-79.758087	1735
110959	Yamana	1109	Paltas	11	Loja	-4.002733	-79.694205	1237
111050	Alamor	1110	Puyango	11	Loja	-3.971091	-80.061148	8987
111051	Ciano	1110	Puyango	11	Loja	-3.913172	-79.987736	1335
111052	El Arenal	1110	Puyango	11	Loja	-3.977073	-79.980984	1157
111053	El Limo (Mariana de Jesús)	1110	Puyango	11	Loja	-3.996543	-80.191443	2423
111054	Mercadillo	1110	Puyango	11	Loja	-4.017157	-79.941441	1308
111055	Vicentino	1110	Puyango	11	Loja	-3.976059	-79.921434	1047
111150	Saraguro	1111	Saraguro	11	Loja	-3.635359	-79.233624	9679
111151	El Paraíso de Celen	1111	Saraguro	11	Loja	-3.598938	-79.354179	2244
111152	El Tablón	1111	Saraguro	11	Loja	-3.513126	-79.181294	972
111153	Lluzhapa	1111	Saraguro	11	Loja	-3.492803	-79.325090	1558
111154	Manu	1111	Saraguro	11	Loja	-3.526062	-79.426862	2142
111155	San Antonio de Qumbe (Cumbe)	1111	Saraguro	11	Loja	-3.530899	-79.228014	1110
111156	San Pablo de Tenta	1111	Saraguro	11	Loja	-3.622077	-79.301136	3290
111157	San Sebastián de Yuluc	1111	Saraguro	11	Loja	-3.386974	-79.418074	958
111158	Selva Alegre	1111	Saraguro	11	Loja	-3.555544	-79.349018	1301
111159	Urdaneta (Paquishapa)	1111	Saraguro	11	Loja	-3.639287	-79.168190	4091
111160	Sumaypamba	1111	Saraguro	11	Loja	-3.409839	-79.340593	1514
111250	Sozoranga	1112	Sozoranga	11	Loja	-4.244710	-79.789031	3671
111251	Nueva Fátima	1112	Sozoranga	11	Loja	-4.266015	-79.823004	816
111252	Tacamoros	1112	Sozoranga	11	Loja	-4.430437	-79.731787	2483
111350	Zapotillo	1113	Zapotillo	11	Loja	-4.362087	-80.256823	5851
111351	Mangahurco	1113	Zapotillo	11	Loja	-4.075416	-80.398192	868
111352	Garzareal	1113	Zapotillo	11	Loja	-4.272805	-80.273559	1913
111353	Limones	1113	Zapotillo	11	Loja	-4.363764	-80.376827	1685
111354	Paletillas	1113	Zapotillo	11	Loja	-4.143692	-80.253321	2574
111355	Bolaspamba	1113	Zapotillo	11	Loja	-4.131931	-80.335494	1207
111453	Milagros	1114	Pindal	11	Loja	-4.074933	-80.098535	2961
111451	Chaquinal	1114	Pindal	11	Loja	-4.055952	-80.038152	995
111452	12 de Diciembre (Cab. en Achiotes)	1114	Pindal	11	Loja	-4.061438	-80.107515	2060
111550	Quilanga	1115	Quilanga	11	Loja	-4.295433	-79.411777	2559
111551	Fundochamba	1115	Quilanga	11	Loja	-4.330675	-79.368237	293
111552	San Antonio de las Aradas (Cab. en las Aradas)	1115	Quilanga	11	Loja	-4.388605	-79.363938	1119
111650	Olmedo	1116	Olmedo	11	Loja	-3.936618	-79.627642	3702
111651	La Tingue	1116	Olmedo	11	Loja	-3.936208	-79.560929	462
120150	Babahoyo	1201	Babahoyo	12	Los Ríos	-1.852568	-79.507406	112033
120152	Caracol	1201	Babahoyo	12	Los Ríos	-1.685668	-79.435948	5226
120153	Febres Cordero (las Juntas)	1201	Babahoyo	12	Los Ríos	-1.976892	-79.319185	19012
120154	Pimocha	1201	Babahoyo	12	Los Ríos	-1.783018	-79.571837	28145
120155	La Unión	1201	Babahoyo	12	Los Ríos	-1.720470	-79.380431	3358
120250	Baba	1202	Baba	12	Los Ríos	-1.799933	-79.685339	21574
120251	Guare	1202	Baba	12	Los Ríos	-1.590396	-79.655616	13581
120252	Isla de Bejucal	1202	Baba	12	Los Ríos	-1.687639	-79.634768	10141
120350	Montalvo	1203	Montalvo	12	Los Ríos	-1.804766	-79.317355	25875
120450	Puebloviejo	1204	Puebloviejo	12	Los Ríos	-1.554382	-79.541040	14972
120451	Puerto Pechiche	1204	Puebloviejo	12	Los Ríos	-1.429388	-79.540672	5221
120452	San Juan	1204	Puebloviejo	12	Los Ríos	-1.650553	-79.557119	20768
120550	Quevedo	1205	Quevedo	12	Los Ríos	-1.024547	-79.479387	187103
120553	San Carlos	1205	Quevedo	12	Los Ríos	-1.113257	-79.423431	4243
120555	La Esperanza	1205	Quevedo	12	Los Ríos	-0.979608	-79.409669	4701
120650	Catarama	1206	Urdaneta	12	Los Ríos	-1.586917	-79.482976	9680
120651	Ricaurte	1206	Urdaneta	12	Los Ríos	-1.563149	-79.375144	23471
120750	Ventanas	1207	Ventanas	12	Los Ríos	-1.456479	-79.446373	49009
120752	Zapotal	1207	Ventanas	12	Los Ríos	-1.333833	-79.399356	18368
120850	Vinces	1208	Vinces	12	Los Ríos	-1.490723	-79.718503	63527
120851	Antonio Sotomayor (Cab. en Playas de Vinces)	1208	Vinces	12	Los Ríos	-1.661164	-79.789630	17382
120950	Palenque	1209	Palenque	12	Los Ríos	-1.334281	-79.715399	24838
121050	San Jacinto de Buena Fe	1210	Buena Fe	12	Los Ríos	-0.771671	-79.508444	59559
121051	Patricia Pilar	1210	Buena Fe	12	Los Ríos	-0.596287	-79.414754	14851
121150	Valencia	1211	Valencia	12	Los Ríos	-0.777476	-79.306620	51509
121250	Mocache	1212	Mocache	12	Los Ríos	-1.189672	-79.549841	42026
121350	Quinsaloma	1213	Quinsaloma	12	Los Ríos	-1.139830	-79.356279	19470
130150	Portoviejo	1301	Portoviejo	13	Manabí	-1.077267	-80.462227	252248
130151	Abdón Calderón (San Francisco)	1301	Portoviejo	13	Manabí	-1.047239	-80.324213	16848
130152	Alhajuela (Bajo Grande)	1301	Portoviejo	13	Manabí	-1.055720	-80.276429	4714
130153	Crucita	1301	Portoviejo	13	Manabí	-0.887247	-80.533853	16997
130154	Pueblo Nuevo	1301	Portoviejo	13	Manabí	-0.977869	-80.305676	4181
130155	Riochico (Río Chico)	1301	Portoviejo	13	Manabí	-0.986580	-80.387138	17040
130156	San Placido	1301	Portoviejo	13	Manabí	-1.057212	-80.141322	8180
130157	Chirijos	1301	Portoviejo	13	Manabí	-1.015090	-80.184591	2717
130250	Calceta	1302	Bolívar	13	Manabí	-0.919941	-80.055351	34702
130251	Membrillo	1302	Bolívar	13	Manabí	-0.870070	-79.945363	3573
130252	Quiroga	1302	Bolívar	13	Manabí	-0.927159	-80.084426	3552
130350	Chone	1303	Chone	13	Manabí	-0.659667	-79.887907	76247
130351	Boyacá	1303	Chone	13	Manabí	-0.548400	-80.166097	4447
130352	Canuto	1303	Chone	13	Manabí	-0.797775	-80.055955	11134
130353	Convento	1303	Chone	13	Manabí	-0.241463	-79.998634	6369
130354	Chibunga	1303	Chone	13	Manabí	-0.054522	-79.747206	6083
130355	Eloy Alfaro	1303	Chone	13	Manabí	-0.406548	-80.081822	303910
130356	Ricaurte	1303	Chone	13	Manabí	-0.554937	-79.951415	7838
130357	San Antonio	1303	Chone	13	Manabí	-0.663461	-80.195220	1468
130450	El Carmen	1304	El Carmen	13	Manabí	-0.389984	-79.531882	84141
130451	Wilfrido Loor Moreira (Maicito)	1304	El Carmen	13	Manabí	-0.330561	-79.647306	3911
130452	San Pedro de Suma	1304	El Carmen	13	Manabí	-0.166676	-79.564049	7252
130550	Flavio Alfaro	1305	Flavio Alfaro	13	Manabí	-0.349758	-79.803153	20177
130551	San Francisco de Novillo (Cab. en Novillo)	1305	Flavio Alfaro	13	Manabí	-0.180960	-79.807147	2707
130552	Zapallo	1305	Flavio Alfaro	13	Manabí	-0.455493	-79.980551	3531
130650	Jipijapa	1306	Jipijapa	13	Manabí	-1.303773	-80.555517	54639
130651	América	1306	Jipijapa	13	Manabí	-1.433652	-80.510608	3418
130652	El Anegado (Cab. en Eloy Alfaro)	1306	Jipijapa	13	Manabí	-1.500670	-80.533142	7020
130653	Julcuy	1306	Jipijapa	13	Manabí	-1.502359	-80.640268	1816
130654	La Unión	1306	Jipijapa	13	Manabí	-1.438618	-80.450416	14093
130656	Membrillal	1306	Jipijapa	13	Manabí	-1.237150	-80.669298	955
130657	Pedro Pablo Gómez	1306	Jipijapa	13	Manabí	-1.686499	-80.573037	4067
130658	Puerto de Cayo	1306	Jipijapa	13	Manabí	-1.325966	-80.698300	4455
130750	Junín	1307	Junín	13	Manabí	-0.941621	-80.195338	22324
130850	Manta	1308	Manta	13	Manabí	-1.009933	-80.772986	261871
130851	San Lorenzo	1308	Manta	13	Manabí	-1.088875	-80.871058	5444
130852	Santa Marianita (Boca de Pacoche)	1308	Manta	13	Manabí	-1.014252	-80.847260	3830
130950	Montecristi	1309	Montecristi	13	Manabí	-1.126898	-80.716282	96858
130952	La Pila	1309	Montecristi	13	Manabí	-1.136136	-80.588298	3079
131050	Paján	1310	Paján	13	Manabí	-1.551568	-80.469402	14312
131051	Campozano (la Palma de Paján)	1310	Paján	13	Manabí	-1.623763	-80.375379	8736
131052	Cascol	1310	Paján	13	Manabí	-1.774679	-80.467932	8764
131053	Guale	1310	Paján	13	Manabí	-1.646560	-80.272346	4727
131054	Lascano	1310	Paján	13	Manabí	-1.518990	-80.250670	5340
131150	Pichincha	1311	Pichincha	13	Manabí	-0.951744	-79.847673	17293
131151	Barraganete	1311	Pichincha	13	Manabí	-0.747269	-79.793232	8300
131152	San Sebastián	1311	Pichincha	13	Manabí	-1.079086	-79.974675	4787
131250	Rocafuerte	1312	Rocafuerte	13	Manabí	-0.905702	-80.405826	42688
131350	Santa Ana de Vuelta Larga	1313	Santa Ana	13	Manabí	-1.224988	-80.358843	24506
131351	Ayacucho	1313	Santa Ana	13	Manabí	-1.148928	-80.272147	7934
131352	Honorato Vásquez (Cab en Vásquez)	1313	Santa Ana	13	Manabí	-1.108050	-80.138448	5906
131353	La Unión	1313	Santa Ana	13	Manabí	-1.222166	-80.174706	1747
131355	San Pablo (Cab en Pueblo Nuevo)	1313	Santa Ana	13	Manabí	-1.214011	-80.060049	11146
131450	Bahía de Caraquez	1314	Sucre	13	Manabí	-0.687296	-80.403186	27284
131453	Charapoto	1314	Sucre	13	Manabí	-0.787367	-80.446783	23361
131457	San Isidro	1314	Sucre	13	Manabí	-0.366689	-80.204541	12196
131550	Tosagua	1315	Tosagua	13	Manabí	-0.769242	-80.296300	31309
131551	Bachillero	1315	Tosagua	13	Manabí	-0.759447	-80.194951	4438
131552	Ángel Pedro Giler (la Estancilla)	1315	Tosagua	13	Manabí	-0.836114	-80.246521	7106
131650	Sucre	1316	24 de Mayo	13	Manabí	-1.303305	-80.423415	15645
131651	Bellavista	1316	24 de Mayo	13	Manabí	-1.369379	-80.314377	5693
131652	Noboa	1316	24 de Mayo	13	Manabí	-1.448344	-80.386194	7063
131653	Arq. Sixto Durán Ballen	1316	24 de Mayo	13	Manabí	-1.476687	-80.312685	3072
131750	Pedernales	1317	Pedernales	13	Manabí	0.071914	-79.857738	43049
131751	Cojimies	1317	Pedernales	13	Manabí	0.224187	-79.864084	18664
131752	10 de Agosto	1317	Pedernales	13	Manabí	-0.134165	-80.050326	6140
131753	Atahualpa	1317	Pedernales	13	Manabí	-0.036986	-79.961638	1388
131850	Olmedo	1318	Olmedo	13	Manabí	-1.361423	-80.213532	10090
131950	Puerto López	1319	Puerto López	13	Manabí	-1.597456	-80.736718	13489
131951	Machalilla	1319	Puerto López	13	Manabí	-1.469095	-80.738253	6303
131952	Salango	1319	Puerto López	13	Manabí	-1.637216	-80.802938	5838
132050	Jama	1320	Jama	13	Manabí	-0.221444	-80.230603	16588
132150	Jaramijó	1321	Jaramijó	13	Manabí	-0.976006	-80.603413	29759
132250	San Vicente	1322	San Vicente	13	Manabí	-0.554501	-80.328931	16880
132251	Canoa	1322	San Vicente	13	Manabí	-0.413181	-80.384504	8117
140150	Macas	1401	Morona	14	Morona Santiago	-2.300060	-78.149939	22621
140151	Alshi (Cab en 9 de Octubre)	1401	Morona	14	Morona Santiago	-2.221058	-78.263242	399
140153	General Proaño	1401	Morona	14	Morona Santiago	-2.251320	-78.138354	4929
140156	San Isidro	1401	Morona	14	Morona Santiago	-2.181824	-78.150641	1221
140157	Sevilla Don Bosco	1401	Morona	14	Morona Santiago	-2.475928	-77.886147	18647
140158	Sinai	1401	Morona	14	Morona Santiago	-2.074465	-78.185407	1034
140160	Zuña (Zuñac)	1401	Morona	14	Morona Santiago	-2.194925	-78.403919	223
140162	Cuchaentza	1401	Morona	14	Morona Santiago	-2.162411	-77.848654	2813
140164	Río Blanco	1401	Morona	14	Morona Santiago	-2.379408	-78.378457	3048
140250	Gualaquiza	1402	Gualaquiza	14	Morona Santiago	-3.322538	-78.567304	12323
140251	Amazonas (Rosario de Cuyes)	1402	Gualaquiza	14	Morona Santiago	-3.433620	-78.788783	165
140252	Bermejos	1402	Gualaquiza	14	Morona Santiago	-3.277778	-78.759789	209
140253	Bomboiza	1402	Gualaquiza	14	Morona Santiago	-3.466342	-78.529310	6557
140254	Chiguinda	1402	Gualaquiza	14	Morona Santiago	-3.170124	-78.694582	551
140255	El Rosario	1402	Gualaquiza	14	Morona Santiago	-3.250781	-78.652569	570
140256	Nueva Tarqui	1402	Gualaquiza	14	Morona Santiago	-3.440823	-78.680977	663
140257	San Miguel de Cuyes	1402	Gualaquiza	14	Morona Santiago	-3.323530	-78.871621	125
140258	El Ideal	1402	Gualaquiza	14	Morona Santiago	-3.380396	-78.671172	729
140350	Gral. Leonidas Plaza Gutiérrez	1403	Limón Indanza	14	Morona Santiago	-2.988652	-78.538116	4675
140351	Indanza	1403	Limón Indanza	14	Morona Santiago	-3.054900	-78.474345	1091
140357	Sta Susana de Chiviaza (Cab en Chiviaza)	1403	Limón Indanza	14	Morona Santiago	-2.903811	-78.307564	818
140358	Yunganza (Cab en el Rosario)	1403	Limón Indanza	14	Morona Santiago	-2.889268	-78.471111	1126
140450	Palora (Metzera)	1404	Palora	14	Morona Santiago	-1.695362	-77.994659	6717
140451	Arapicos	1404	Palora	14	Morona Santiago	-1.832505	-78.034338	974
140452	Cumandá (Cab en Colonia Agricola Sevilla del Oro)	1404	Palora	14	Morona Santiago	-1.592136	-78.194335	315
140454	Sangay (Cab en Nayamanaca)	1404	Palora	14	Morona Santiago	-1.764964	-78.037864	2515
140455	16 de Agosto	1404	Palora	14	Morona Santiago	-1.773954	-77.893432	1361
140550	Santiago de Méndez	1405	Santiago	14	Morona Santiago	-2.613144	-78.397525	3366
140551	Copal	1405	Santiago	14	Morona Santiago	-2.759931	-78.492494	443
140552	Chupianza	1405	Santiago	14	Morona Santiago	-2.778252	-78.388044	663
140553	Patuca	1405	Santiago	14	Morona Santiago	-2.841405	-78.212025	1924
140554	San Luis de el Acho (Cab en el Acho)	1405	Santiago	14	Morona Santiago	-2.790450	-78.325251	596
140556	Tayuza	1405	Santiago	14	Morona Santiago	-2.659244	-78.275467	1606
140557	San Francisco de Chinimbimi	1405	Santiago	14	Morona Santiago	-2.714307	-78.191310	1157
140650	Sucúa	1406	Sucúa	14	Morona Santiago	-2.453367	-78.199967	16309
140651	Asunción	1406	Sucúa	14	Morona Santiago	-2.526244	-78.311108	2419
140652	Huambi	1406	Sucúa	14	Morona Santiago	-2.563853	-78.125839	3398
140655	Santa Marianita de Jesús	1406	Sucúa	14	Morona Santiago	-2.395011	-78.198105	1378
140750	Huamboya	1407	Huamboya	14	Morona Santiago	-1.916795	-77.914631	4083
140751	Chiguaza	1407	Huamboya	14	Morona Santiago	-2.010119	-77.972816	6747
140850	San Juan Bosco	1408	San Juan Bosco	14	Morona Santiago	-3.145254	-78.559832	2547
140851	Pan de Azucar	1408	San Juan Bosco	14	Morona Santiago	-3.066479	-78.531950	218
140852	San Carlos de Limón	1408	San Juan Bosco	14	Morona Santiago	-3.311094	-78.293444	911
140853	San Jacinto de Wakambeis	1408	San Juan Bosco	14	Morona Santiago	-3.283849	-78.492938	219
140854	Santiago de Pananza	1408	San Juan Bosco	14	Morona Santiago	-3.200144	-78.480214	477
140950	Taisha	1409	Taisha	14	Morona Santiago	-2.388464	-77.517480	7817
140951	Huasaga (Cab en Wampuik)	1409	Taisha	14	Morona Santiago	-2.526149	-77.042328	2069
140952	Macuma	1409	Taisha	14	Morona Santiago	-2.152832	-77.654760	7360
140953	Tuutinentza	1409	Taisha	14	Morona Santiago	-2.693579	-77.511945	5229
140954	Pumpuentsa	1409	Taisha	14	Morona Santiago	-2.621571	-77.272460	4225
141050	Logroño	1410	Logroðo	14	Morona Santiago	-2.605380	-78.219703	2604
141051	Yaupi	1410	Logroðo	14	Morona Santiago	-2.808854	-78.006984	2206
141052	Shimpis	1410	Logroðo	14	Morona Santiago	-2.663873	-78.116865	2674
141150	Pablo Sexto	1411	Pablo Sexto	14	Morona Santiago	-1.858448	-78.275825	2267
141250	Santiago	1412	Tiwintza	14	Morona Santiago	-3.032993	-78.040576	5511
190150	Zamora	1901	Zamora	19	Zamora Chinchipe	-4.157789	-79.001923	17950
190151	Cumbaratza	1901	Zamora	19	Zamora Chinchipe	-3.978542	-78.873368	3617
190152	Guadalupe	1901	Zamora	19	Zamora Chinchipe	-3.869643	-78.912701	3477
190153	Imbana (la Victoria de Imbana)	1901	Zamora	19	Zamora Chinchipe	-3.842070	-79.092292	874
190155	Sabanilla	1901	Zamora	19	Zamora Chinchipe	-4.005132	-79.061966	621
190156	Timbara	1901	Zamora	19	Zamora Chinchipe	-4.101806	-78.896140	1705
190158	San Carlos de las Minas	1901	Zamora	19	Zamora Chinchipe	-4.063151	-78.811161	1942
190250	Zumba	1902	Chinchipe	19	Zamora Chinchipe	-4.851412	-79.182305	7984
190251	Chito	1902	Chinchipe	19	Zamora Chinchipe	-4.871722	-79.007572	1499
190252	El Chorro	1902	Chinchipe	19	Zamora Chinchipe	-4.912549	-79.096001	152
190254	La Chonta	1902	Chinchipe	19	Zamora Chinchipe	-4.948822	-79.089189	241
190256	Pucapamba	1902	Chinchipe	19	Zamora Chinchipe	-4.949842	-79.122637	104
190259	San Andrés	1902	Chinchipe	19	Zamora Chinchipe	-4.801552	-79.324554	357
190350	Guayzimi	1903	Nangaritza	19	Zamora Chinchipe	-4.069954	-78.676599	3158
190351	Zurmi	1903	Nangaritza	19	Zamora Chinchipe	-4.250925	-78.746159	1915
190352	Nuevo Paraíso	1903	Nangaritza	19	Zamora Chinchipe	-4.489140	-78.796239	801
190450	28 de Mayo (San José de Yacuambi)	1904	Yacuambi	19	Zamora Chinchipe	-3.640637	-78.979625	2979
190451	La Paz	1904	Yacuambi	19	Zamora Chinchipe	-3.751509	-78.953127	2230
190452	Tutupali	1904	Yacuambi	19	Zamora Chinchipe	-3.469520	-78.963383	1182
190550	Yantzaza (Yanzatza)	1905	Yantzaza	19	Zamora Chinchipe	-3.776383	-78.771375	16375
190551	Chicaña	1905	Yantzaza	19	Zamora Chinchipe	-3.649128	-78.749189	2863
190553	Los Encuentros	1905	Yantzaza	19	Zamora Chinchipe	-3.785719	-78.556052	4132
190650	El Pangui	1906	El Pangui	19	Zamora Chinchipe	-3.627959	-78.597083	8336
190651	El Guisme	1906	El Pangui	19	Zamora Chinchipe	-3.569578	-78.587117	1621
190652	Pachicutza	1906	El Pangui	19	Zamora Chinchipe	-3.684407	-78.593231	1724
190653	Tundayme	1906	El Pangui	19	Zamora Chinchipe	-3.608854	-78.451033	1087
190750	Zumbi	1907	Centinela del Cóndor	19	Zamora Chinchipe	-3.935346	-78.749067	5192
190850	Palanda	1908	Palanda	19	Zamora Chinchipe	-4.659145	-79.233534	3999
190851	El Porvenir del Carmen	1908	Palanda	19	Zamora Chinchipe	-4.484321	-79.014932	1558
190852	San Francisco del Vergel	1908	Palanda	19	Zamora Chinchipe	-4.711511	-79.024946	1603
190853	Valladolid	1908	Palanda	19	Zamora Chinchipe	-4.462594	-79.143449	1258
190854	La Canela	1908	Palanda	19	Zamora Chinchipe	-4.680488	-78.924163	455
190950	Paquisha	1909	Paquisha	19	Zamora Chinchipe	-3.921881	-78.583309	2253
190951	Bellavista	1909	Paquisha	19	Zamora Chinchipe	-3.880061	-78.617254	440
190952	Nuevo Quito	1909	Paquisha	19	Zamora Chinchipe	-4.008778	-78.602314	2044
200151	El Progreso	2001	San Cristóbal	20	Galápagos	-0.825855	-89.428830	1388
200152	Isla Santa María (Floreana) (Cab. en  Pto. Velasco Ibarra)	2001	San Cristóbal	20	Galápagos	-1.186055	-90.207502	145
200251	Tomás de Berlanga (Santo Tomás)	2002	Isabela	20	Galápagos	-0.537434	-91.223869	295
200351	Bellavista	2003	Santa Cruz	20	Galápagos	-0.347968	-90.523763	3933
200352	Santa Rosa	2003	Santa Cruz	20	Galápagos	-0.484484	-90.448141	563
240150	Santa Elena	2401	Santa Elena	24	Santa Elena	-2.221430	-80.708140	72598
240151	Atahualpa	2401	Santa Elena	24	Santa Elena	-2.319428	-80.772779	2555
240152	Colonche	2401	Santa Elena	24	Santa Elena	-2.031228	-80.565518	40058
240153	Chanduy	2401	Santa Elena	24	Santa Elena	-2.362529	-80.519864	20558
240154	Manglaralto	2401	Santa Elena	24	Santa Elena	-1.792768	-80.692896	37167
240155	Simón Bolívar (Julio Moreno)	2401	Santa Elena	24	Santa Elena	-2.173877	-80.362850	4384
240156	San José de Ancón	2401	Santa Elena	24	Santa Elena	-2.305585	-80.827497	7918
240350	Salinas	2403	Salinas	24	Santa Elena	-2.220631	-80.959973	35081
240351	Anconcito	2403	Salinas	24	Santa Elena	-2.315343	-80.881540	15052
240352	José Luis Tamayo (Muey)	2403	Salinas	24	Santa Elena	-2.276014	-80.898517	36668
900351	Manga del Curá	9003	Manga del Curá	90	Zona No Delimitada	-0.679699	-79.592269	11964
010450	Nabón	0104	Nabón	01	Azuay	-3.284437	-79.042511	9097
200150	Puerto Baquerizo Moreno	2001	San Cristóbal	20	Galápagos	-0.909322	-89.614265	7290
200350	Puerto Ayora	2003	Santa Cruz	20	Galápagos	-0.741672	-90.314419	12737
200250	Puerto Villamil	2002	Isabela	20	Galápagos	-0.951574	-90.966235	2755
240250	La Libertad	2402	La Libertad	24	Santa Elena	-2.239550	-80.894674	871
141251	San José de Morona	1412	Tiwintza	14	Morona Santiago	-2.889724	-77.748787	3774
170353	Cutuglahua	1703	Mejía	17	Pichincha	-0.371786	-78.566515	25422
170357	Uyumbicho	1703	Mejía	17	Pichincha	-0.407122	-78.517147	6192
080851	Monterrey	0808	La Concordia	08	Esmeraldas	-0.048264	-79.440562	7386
080852	La Villegas	0808	La Concordia	08	Esmeraldas	-0.048264	-79.440562	4529
080850	La Concordia	0808	La Concordia	08	Esmeraldas	-0.048264	-79.440562	37178
150150	Tena	1501	Tena	15	Napo	-0.940219	-77.884359	39578
080265	Santa Lucía de las Peñas	0802	Eloy Alfaro	08	Esmeraldas	0.930561	-78.963513	1985
120754	Los Ángeles	1207	Ventanas	12	Los Ríos	-1.395156	-79.422865	2733
120753	Chacarita	1207	Ventanas	12	Los Ríos	-1.395156	-79.422865	3101
111450	Pindal	1114	Pindal	11	Loja	-4.107409	-80.149939	4393
190753	Panguintza	1907	Centinela del Cóndor	19	Zamora Chinchipe	-3.935346	-78.749067	1704
190752	Triunfo-Dorado	1907	Centinela del Cóndor	19	Zamora Chinchipe	-3.935346	-78.749067	986
010854	San Salvador de Cañaribamba	0108	Santa Isabel	01	Azuay	-3.214094	-79.340418	1618
140353	San Antonio (Cab en San Antonio Centro)	1403	Limón Indanza	14	Morona Santiago	-3.122198	-78.252448	49984
140356	San Miguel de Conchay	1403	Limón Indanza	14	Morona Santiago	-3.117005	-78.440029	424
080455	La Unión	0804	Quinindé	08	Esmeraldas	0.151033	-79.430836	7200
111356	Cazaderos	1113	Zapotillo	11	Loja	-4.224949	-80.315703	473
120351	La Esmeralda	1203	Montalvo	12	Los Ríos	-1.804766	-79.317355	2479
170256	San José de Ayora	1702	Cayambe	17	Pichincha	-0.024889	-78.165361	14393
150356	Hatun Sumaku	1503	Archidona	15	Napo	-0.777551	-77.910440	2636
210160	10 de Agosto	2101	Lago Agrio	21	Sucumbíos	0.099796	-76.827923	1930
010150	Cuenca	0101	Cuenca	01	Azuay	-2.887441	-79.000656	361524
