01	Álava	Araba;Araba/Álava	16	País Vasco	01059	42.84627	-2.67225	342161
02	Albacete		08	Castilla-La Mancha	02003	38.97386	-1.85307	390406
03	Alicante	Alacant;Alicante/Alacant	10	Comunitat Valenciana	03014	38.35323	-0.48134	2030037
04	Almería		01	Andalucía	04013	36.87557	-2.34230	773577
05	Ávila		07	Castilla y León	05019	40.66864	-4.66064	159887
06	Badajoz		11	Extremadura	06015	38.88676	-6.96671	663886
07	Illes Balears	Islas Baleares;Baleares;Balears	04	Illes Balears	07040	39.56951	2.64745	1237480
08	Barcelona		09	Cataluña	08019	41.39942	2.12804	5983325
09	Burgos		07	Castilla y León	09059	42.34997	-3.68221	361556
10	Cáceres		11	Extremadura	10037	39.42823	-6.43782	387752
11	Cádiz		01	Andalucía	11012	36.50088	-6.26843	1257041
12	Castellón	Castelló;Castellón/Castelló	10	Comunitat Valenciana	12040	39.99290	-0.05768	627173
13	Ciudad Real		08	Castilla-La Mancha	13034	38.95542	-3.98099	494407
14	Córdoba		01	Andalucía	14021	37.90448	-4.77768	772153
15	A Coruña	La Coruña;Coruña	12	Galicia	15030	43.37126	-8.41880	1135612
16	Cuenca		08	Castilla-La Mancha	16078	40.07492	-2.13615	198216
17	Girona	Gerona	09	Cataluña	17079	41.98246	2.83081	832026
18	Granada		01	Andalucía	18087	37.18863	-3.59078	942618
19	Guadalajara		08	Castilla-La Mancha	19130	40.64362	-3.17188	285390
20	Gipuzkoa	Guipúzcoa	16	País Vasco	20069	43.29181	-1.98851	733365
21	Huelva		01	Andalucía	21041	37.25820	-6.92932	535703
22	Huesca		02	Aragón	22125	42.14838	-0.41253	230624
23	Jaén		01	Andalucía	23050	37.82585	-3.73316	617604
24	León		07	Castilla y León	24089	42.57357	-5.56716	446771
25	Lleida	Lérida	09	Cataluña	25120	41.63077	0.59561	456106
26	La Rioja	Rioja	17	La Rioja	26089	42.46712	-2.44541	327286
27	Lugo		12	Galicia	27028	43.00263	-7.49944	325759
28	Madrid		13	Comunidad de Madrid	28079	40.48935	-3.68275	7137031
29	Málaga		01	Andalucía	29067	36.75854	-4.39717	1791092
30	Murcia		14	Región de Murcia	30030	37.94399	-1.16364	1589138
31	Navarra	Nafarroa	15	Comunidad Foral de Navarra	31201	42.81276	-1.64432	683500
32	Ourense	Orense	12	Galicia	32054	42.35088	-7.90211	305573
33	Asturias		03	Principado de Asturias	33044	43.35796	-5.87339	1013529
34	Palencia		07	Castilla y León	34120	41.98601	-4.56492	158687
35	Las Palmas	Palmas	05	Canarias	35016	28.11654	-15.43898	1167555
36	Pontevedra		12	Galicia	36038	42.42241	-8.61925	946225
37	Salamanca		07	Castilla y León	37274	40.95597	-5.68022	328779
38	Santa Cruz de Tenerife		05	Canarias	38038	28.53924	-16.20302	1082421
39	Cantabria		06	Cantabria	39075	43.47225	-3.81994	593964
40	Segovia		07	Castilla y León	40194	40.90194	-4.18299	158470
41	Sevilla		01	Andalucía	41091	37.39141	-5.95918	1976624
42	Soria		07	Castilla y León	42173	41.77016	-2.47935	90234
43	Tarragona		09	Cataluña	43148	41.12386	1.26639	874808
44	Teruel		02	Aragón	44216	40.36334	-1.08938	136197
45	Toledo		08	Castilla-La Mancha	45168	39.86765	-4.00988	750815
46	Valencia	València;Valencia/València	10	Comunitat Valenciana	46250	39.45612	-0.35457	2758633
47	Valladolid		07	Castilla y León	47186	41.65230	-4.72854	528841
48	Bizkaia	Vizcaya	16	País Vasco	48020	43.26035	-2.93341	1166816
49	Zamora		07	Castilla y León	49275	41.52259	-5.80054	165275
50	Zaragoza		02	Aragón	50297	41.64829	-0.88303	991991
51	Ceuta		18	Ceuta	51001	35.88682	-5.31738	83595
52	Melilla		19	Melilla	52001	35.29187	-2.94090	86780
