0101	Chachapoyas	01	Amazonas	-6.338214	-77.789696	55506
0102	Bagua	01	Amazonas	-5.521806	-78.432176	74100
0103	Bongará	01	Amazonas	-5.911088	-77.900833	25637
0104	Condorcanqui	01	Amazonas	-4.354537	-77.928056	42470
0105	Luya	01	Amazonas	-6.296498	-78.021329	44436
0106	Rodríguez de Mendoza	01	Amazonas	-6.424352	-77.471620	29998
0107	Utcubamba	01	Amazonas	-5.872262	-78.468651	107237
0201	Huaraz	02	Áncash	-9.562269	-77.694306	163936
0202	Aija	02	Áncash	-9.791500	-77.654222	6316
0203	Antonio Raymondi	02	Áncash	-9.114167	-77.025231	13650
0204	Asunción	02	Áncash	-9.138472	-77.367083	7378
0205	Bolognesi	02	Áncash	-10.215630	-77.223685	23797
0206	Carhuaz	02	Áncash	-9.306515	-77.622980	45184
0207	Carlos Fermín Fitzcarrald	02	Áncash	-9.020370	-77.269815	17717
0208	Casma	02	Áncash	-9.470556	-78.223611	50989
0209	Corongo	02	Áncash	-8.586270	-77.910357	7532
0210	Huari	02	Áncash	-9.337257	-77.023125	58714
0211	Huarmey	02	Áncash	-9.962278	-77.877222	30560
0212	Huaylas	02	Áncash	-8.945500	-77.868167	51334
0213	Mariscal Luzuriaga	02	Áncash	-8.891285	-77.337361	20284
0214	Ocros	02	Áncash	-10.417667	-77.329528	7039
0215	Pallasca	02	Áncash	-8.351894	-77.984848	23491
0216	Pomabamba	02	Áncash	-8.768056	-77.430972	24794
0217	Recuay	02	Áncash	-9.966611	-77.517222	17185
0218	Santa	02	Áncash	-9.058704	-78.400802	435807
0219	Sihuas	02	Áncash	-8.496750	-77.573139	26971
0220	Yungay	02	Áncash	-9.184062	-77.731285	50841
0301	Abancay	03	Apurímac	-13.705556	-72.879228	110520
0302	Andahuaylas	03	Apurímac	-13.774667	-73.425389	142477
0303	Antabamba	03	Apurímac	-14.305595	-72.895833	11310
0304	Aymaraes	03	Apurímac	-14.135833	-73.213480	24307
0305	Cotabambas	03	Apurímac	-13.991343	-72.249907	50656
0306	Chincheros	03	Apurímac	-12.367407	-67.528866	45247
0307	Grau	03	Apurímac	-14.106329	-72.607262	21242
0401	Arequipa	04	Arequipa	-16.422328	-71.587347	1080635
0402	Camaná	04	Arequipa	-16.526632	-72.786840	59370
0403	Caravelí	04	Arequipa	-15.679338	-74.156453	41346
0404	Castilla	04	Arequipa	-15.691290	-72.408532	33629
0405	Caylloma	04	Arequipa	-15.666181	-71.729236	86771
0406	Condesuyos	04	Arequipa	-15.616250	-72.740625	16118
0407	Islay	04	Arequipa	-17.087222	-71.901111	52034
0408	La Unión	04	Arequipa	-15.217222	-72.946086	12827
0501	Huamanga	05	Ayacucho	-13.174635	-74.199670	282194
0502	Cangallo	05	Ayacucho	-13.582731	-74.346250	30443
0503	Huanca Sancos	05	Ayacucho	-13.885972	-74.333681	8409
0504	Huanta	05	Ayacucho	-11.721026	-68.470491	89466
0505	La Mar	05	Ayacucho	-9.531204	-54.088722	70653
0506	Lucanas	05	Ayacucho	-14.556177	-74.327659	51328
0507	Parinacochas	05	Ayacucho	-15.028750	-73.540521	27659
0508	Páucar del Sara Sara	05	Ayacucho	-15.196333	-73.318111	9609
0509	Sucre	05	Ayacucho	-14.015152	-73.729773	9445
0510	Víctor Fajardo	05	Ayacucho	-13.790880	-74.096759	20109
0511	Vilcas Huamán	05	Ayacucho	-13.701979	-73.885521	16861
0601	Cajamarca	06	Cajamarca	-7.228866	-78.466782	348433
0602	Cajabamba	06	Cajamarca	-7.541250	-78.088542	75687
0603	Celendín	06	Cajamarca	-6.821204	-78.181551	79084
0604	Chota	06	Cajamarca	-6.423304	-78.766316	142984
0605	Contumazá	06	Cajamarca	-7.330486	-78.924896	27693
0606	Cutervo	06	Cajamarca	-6.177370	-78.738037	120723
0607	Hualgayoc	06	Cajamarca	-6.705093	-78.621759	77944
0608	Jaén	06	Cajamarca	-5.711782	-78.997269	185432
0609	San Ignacio	06	Cajamarca	-5.220040	-78.981429	130620
0610	San Marcos	06	Cajamarca	-7.347341	-78.113929	48103
0611	San Miguel	06	Cajamarca	-6.951282	-78.979124	46043
0612	San Pablo	06	Cajamarca	-7.117222	-78.815069	21102
0613	Santa Cruz	06	Cajamarca	-6.641717	-78.895000	37164
0701	Callao	07	Callao	-12.005119	-77.127222	994494
0801	Cusco	08	Cusco	-13.536285	-71.959826	447588
0802	Acomayo	08	Cusco	-13.972659	-71.621071	22940
0803	Anta	08	Cusco	-13.484660	-72.255031	56206
0804	Calca	08	Cusco	-13.274757	-71.949097	63155
0805	Canas	08	Cusco	-14.355347	-71.369271	32484
0806	Canchis	08	Cusco	-14.154479	-71.345764	95774
0807	Chumbivilcas	08	Cusco	-14.314792	-71.975000	66410
0808	Espinar	08	Cusco	-14.912465	-71.340382	57582
0809	La Convención	08	Cusco	-9.965093	-56.771821	147148
0810	Paruro	08	Cusco	-13.840494	-71.884321	25567
0811	Paucartambo	08	Cusco	-13.317176	-71.612222	42504
0812	Quispicanchi	08	Cusco	-13.638287	-71.464097	87430
0813	Urubamba	08	Cusco	-13.300397	-72.179881	60739
0901	Huancavelica	09	Huancavelica	-12.598772	-75.037003	115054
0902	Acobamba	09	Huancavelica	-12.810104	-74.559410	38208
0903	Angaraes	09	Huancavelica	-12.977731	-74.561088	49207
0904	Castrovirreyna	09	Huancavelica	-13.185278	-75.494402	13982
0905	Churcampa	09	Huancavelica	-12.656414	-74.483662	32538
0906	Huaytará	09	Huancavelica	-13.765000	-75.192274	17247
0907	Tayacaja	09	Huancavelica	-11.206993	-68.304203	81403
1001	Huánuco	10	Huánuco	-9.926560	-76.289509	293397
1002	Ambo	10	Huánuco	-10.202917	-76.268542	50880
1003	Dos de Mayo	10	Huánuco	-9.717747	-76.758210	33258
1004	Huacaybamba	10	Huánuco	-8.985694	-76.981736	16551
1005	Huamalíes	10	Huánuco	-9.404444	-76.749874	52039
1006	Leoncio Prado	10	Huánuco	-9.144611	-76.012972	127793
1007	Marañon	10	Huánuco	-8.695111	-76.755000	26622
1008	Pachitea	10	Huánuco	-9.879306	-75.989514	49159
1009	Puerto Inca	10	Huánuco	-9.276222	-74.962722	32538
1010	Lauricocha	10	Huánuco	-10.066111	-76.691587	18913
1011	Yarowilca	10	Huánuco	-9.832118	-76.621979	19897
1101	Ica	11	Ica	-14.090179	-75.694405	391519
1102	Chincha	11	Ica	-13.349697	-76.037374	226113
1103	Nazca	11	Ica	-14.868944	-75.065556	69157
1104	Palpa	11	Ica	-14.438889	-75.202167	13232
1105	Pisco	11	Ica	-13.711424	-76.064028	150744
1201	Huancayo	12	Junín	-12.101151	-75.209226	545615
1202	Concepción	12	Junín	-11.876000	-75.260574	55591
1203	Chanchamayo	12	Junín	-11.024954	-75.233333	151489
1204	Jauja	12	Junín	-11.767100	-75.488064	83257
1205	Junín	12	Junín	-11.033819	-76.020208	23133
1206	Satipo	12	Junín	-11.402932	-74.513086	203985
1207	Tarma	12	Junín	-11.356543	-75.685586	89590
1208	Yauli	12	Junín	-11.565056	-76.017639	40390
1209	Chupaca	12	Junín	-12.101605	-75.313642	52988
1301	Trujillo	13	La Libertad	-8.092449	-78.981364	970016
1302	Ascope	13	La Libertad	-7.795486	-79.242882	115786
1303	Bolívar	13	La Libertad	-7.232778	-77.755324	14457
1304	Chepén	13	La Libertad	-7.193796	-79.478333	78418
1305	Julcán	13	La Libertad	-8.137500	-78.480069	28024
1306	Otuzco	13	La Libertad	-7.890083	-78.572694	77862
1307	Pacasmayo	13	La Libertad	-7.350111	-79.515111	102897
1308	Pataz	13	La Libertad	-8.166709	-77.398269	76103
1309	Sánchez Carrión	13	La Libertad	-7.795243	-77.925208	144405
1310	Santiago de Chuco	13	La Libertad	-8.110139	-78.061458	50896
1311	Gran Chimú	13	La Libertad	-7.603542	-78.615764	26892
1312	Virú	13	La Libertad	-8.635556	-78.685463	92324
1401	Chiclayo	14	Lambayeque	-6.827319	-79.705194	799675
1402	Ferreñafe	14	Lambayeque	-6.461898	-79.614398	97415
1403	Lambayeque	14	Lambayeque	-6.411736	-79.819676	300170
1501	Lima	15	Lima	-11.821591	-75.223952	8574974
1502	Barranca	15	Lima	-10.744389	-77.764833	144381
1503	Cajatambo	15	Lima	-10.525111	-77.078611	6559
1504	Canta	15	Lima	-11.533135	-76.679127	11548
1505	Cañete	15	Lima	-12.837917	-76.424878	240013
1506	Huaral	15	Lima	-11.323657	-76.886134	183898
1507	Huarochirí	15	Lima	-11.940625	-76.442526	58145
1508	Huaura	15	Lima	-11.021898	-77.299120	227685
1509	Oyón	15	Lima	-10.796481	-76.946667	17739
1510	Yauyos	15	Lima	-12.526313	-75.941347	20463
1601	Maynas	16	Loreto	-2.829060	-62.124487	479866
1602	Alto Amazonas	16	Loreto	-5.628519	-76.063194	122725
1603	Loreto	16	Loreto	-4.203056	-74.528389	62437
1604	Mariscal Ramón Castilla	16	Loreto	-3.900069	-70.880903	49072
1605	Requena	16	Loreto	-5.433864	-73.925909	58511
1606	Ucayali	16	Loreto	-7.152454	-75.113889	54637
1607	Datem del Marañon	16	Loreto	-4.516157	-76.875139	48482
1608	Putumayo	16	Loreto	-1.754236	-72.983403	7780
1701	Tambopata	17	Madre de Dios	-12.672847	-69.571319	111474
1702	Manu	17	Madre de Dios	-12.678681	-70.799167	18549
1703	Tahuamanu	17	Madre de Dios	-11.270185	-69.461667	11047
1801	Mariscal Nieto	18	Moquegua	-16.958704	-70.790324	85349
1802	General Sánchez Cerro	18	Moquegua	-16.488081	-70.872727	14865
1803	Ilo	18	Moquegua	-17.619537	-71.317315	74649
1901	Pasco	19	Pasco	-10.676218	-76.182415	123015
1902	Daniel Alcides Carrión	19	Pasco	-10.451840	-76.445451	43580
1903	Oxapampa	19	Pasco	-10.344167	-75.286979	87470
2001	Piura	20	Piura	-5.184250	-80.599500	799321
2002	Ayabaca	20	Piura	-4.706333	-79.849583	119287
2003	Huancabamba	20	Piura	-5.325451	-79.516632	111501
2004	Morropón	20	Piura	-5.177944	-79.911417	162027
2005	Paita	20	Piura	-4.915992	-81.029683	129892
2006	Sullana	20	Piura	-4.842187	-80.704271	311454
2007	Talara	20	Piura	-4.374306	-81.210833	144150
2008	Sechura	20	Piura	-5.472546	-80.766991	79177
2101	Puno	21	Puno	-15.815426	-70.027722	219494
2102	Azángaro	21	Puno	-14.953241	-70.170685	110392
2103	Carabaya	21	Puno	-13.952806	-70.267806	73322
2104	Chucuito	21	Puno	-16.544841	-69.262659	89002
2105	El Collao	21	Puno	-16.549167	-69.672389	63878
2106	Huancané	21	Puno	-15.184132	-69.717847	57651
2107	Lampa	21	Puno	-15.326556	-70.493722	40856
2108	Melgar	21	Puno	-14.719043	-70.691389	67138
2109	Moho	21	Puno	-15.413611	-69.406667	19753
2110	San Antonio de Putina	21	Puno	-14.809333	-69.659222	36113
2111	San Román	21	Puno	-15.561056	-70.207722	307417
2112	Sandia	21	Puno	-14.256000	-69.393806	50742
2113	Yunguyo	21	Puno	-16.264722	-69.014206	36939
2201	Moyobamba	22	San Martín	-6.061111	-77.028472	122365
2202	Bellavista	22	San Martín	-7.062269	-76.537917	55033
2203	El Dorado	22	San Martín	-6.625667	-76.694944	36752
2204	Huallaga	22	San Martín	-6.977685	-76.738935	27506
2205	Lamas	22	San Martín	-6.401616	-76.485000	81521
2206	Mariscal Cáceres	22	San Martín	-7.290278	-76.722556	64626
2207	Picota	22	San Martín	-6.905556	-76.318556	40545
2208	Rioja	22	San Martín	-5.947377	-77.271389	122544
2209	San Martín	22	San Martín	-6.475000	-76.162619	193095
2210	Tocache	22	San Martín	-6.892778	-63.782500	69394
2301	Tacna	23	Tacna	-17.961566	-70.273737	306363
2302	Candarave	23	Tacna	-17.301528	-70.319630	6102
2303	Jorge Basadre	23	Tacna	-17.631204	-70.747222	10773
2304	Tarata	23	Tacna	-17.466563	-70.068819	6094
2401	Tumbes	24	Tumbes	-3.628611	-80.474630	154962
2402	Contralmirante Villar	24	Tumbes	-3.856759	-80.753056	21057
2403	Zarumilla	24	Tumbes	-3.559097	-80.238819	48844
2501	Coronel Portillo	25	Ucayali	-8.546746	-74.579841	384168
2502	Atalaya	25	Ucayali	-10.357222	-73.379306	49324
2503	Padre Abad	25	Ucayali	-6.251865	-53.697698	60107
2504	Purús	25	Ucayali	-9.772222	-70.709722	2860
