101	San José	1	San José	9.935800	-84.092059	351958
102	Escazú	1	San José	9.916047	-84.141019	71202
103	Desamparados	1	San José	9.811497	-84.069824	249367
104	Puriscal	1	San José	9.733839	-84.409557	38593
105	Tarrazú	1	San José	9.582753	-84.065955	18787
106	Aserrí	1	San José	9.746808	-84.123110	64480
107	Mora	1	San José	9.872470	-84.238743	30759
108	Goicoechea	1	San José	9.956380	-83.966941	140764
109	Santa Ana	1	San José	9.918036	-84.191730	61853
110	Alajuelita	1	San José	9.889524	-84.105837	97158
111	Vázquez de Coronado	1	San José	10.077481	-83.975509	72932
112	Acosta	1	San José	9.742180	-84.242865	22257
113	Tibás	1	San José	9.957166	-84.081775	86065
114	Moravia	1	San José	10.010484	-84.012723	63259
115	Montes de Oca	1	San José	9.940031	-84.032645	62844
116	Turrubares	1	San José	9.747639	-84.528289	7031
117	Dota	1	San José	9.585000	-83.890406	8041
118	Curridabat	1	San José	9.916310	-84.030869	80677
119	Pérez Zeledón	1	San José	9.336784	-83.648320	143282
120	León Cortés Castro	1	San José	9.693908	-84.076052	13990
201	Alajuela	2	Alajuela	10.163960	-84.184077	321872
202	San Ramón	2	Alajuela	10.218185	-84.571530	95794
203	Grecia	2	Alajuela	10.090809	-84.299349	79672
204	San Mateo	2	Alajuela	9.960484	-84.531870	7276
205	Atenas	2	Alajuela	9.979676	-84.399188	29880
206	Naranjo	2	Alajuela	10.105776	-84.399324	49764
207	Palmares	2	Alajuela	10.046491	-84.435660	41805
208	Poás	2	Alajuela	10.106245	-84.240693	34926
209	Orotina	2	Alajuela	9.893224	-84.594685	24448
210	San Carlos	2	Alajuela	10.621027	-84.425759	206115
211	Zarcero	2	Alajuela	10.218842	-84.407213	14629
212	Sarchí	2	Alajuela	10.162420	-84.315291	22596
213	Upala	2	Alajuela	10.868091	-85.144354	55466
214	Los Chiles	2	Alajuela	10.856856	-84.715379	35188
215	Guatuso	2	Alajuela	10.704257	-84.840660	19696
216	Río Cuarto	2	Alajuela	10.409611	-84.212154	0
301	Cartago	3	Cartago	9.787495	-83.904754	166204
302	Paraíso	3	Cartago	9.716002	-83.763083	63796
303	La Unión	3	Cartago	9.911437	-83.984384	114615
304	Jiménez	3	Cartago	9.819205	-83.711559	16361
305	Turrialba	3	Cartago	9.783988	-83.499425	73546
306	Alvarado	3	Cartago	9.943953	-83.800693	15615
307	Oreamuno	3	Cartago	9.997643	-83.845816	50595
308	El Guarco	3	Cartago	9.732381	-83.919892	46959
401	Heredia	4	Heredia	10.178059	-84.057843	146020
402	Barva	4	Heredia	10.073392	-84.109174	48190
403	Santo Domingo	4	Heredia	9.988035	-84.065148	49835
404	Santa Bárbara	4	Heredia	10.081988	-84.145959	43878
405	San Rafael	4	Heredia	10.059585	-84.071168	56560
406	San Isidro	4	Heredia	10.029954	-84.032105	23655
407	Belén	4	Heredia	9.985623	-84.180177	26853
408	Flores	4	Heredia	10.005863	-84.158770	25401
409	San Pablo	4	Heredia	9.991815	-84.099440	31519
410	Sarapiquí	4	Heredia	10.487100	-83.995659	87687
501	Liberia	5	Guanacaste	10.691801	-85.498629	79610
502	Nicoya	5	Guanacaste	10.103526	-85.413523	57624
503	Santa Cruz	5	Guanacaste	10.235705	-85.670314	71284
504	Bagaces	5	Guanacaste	10.511633	-85.284548	24847
505	Carrillo	5	Guanacaste	10.481796	-85.649127	47756
506	Cañas	5	Guanacaste	10.450169	-85.094503	33393
507	Abangares	5	Guanacaste	10.249803	-85.020918	20282
508	Tilarán	5	Guanacaste	10.486735	-84.900749	21984
509	Nandayure	5	Guanacaste	9.902030	-85.330129	11838
510	La Cruz	5	Guanacaste	11.007416	-85.549342	28071
511	Hojancha	5	Guanacaste	9.975126	-85.411434	8085
601	Puntarenas	6	Puntarenas	9.786202	-85.053287	138932
602	Esparza	6	Puntarenas	9.995761	-84.625514	39244
603	Buenos Aires	6	Puntarenas	9.079612	-83.239715	54782
604	Montes de Oro	6	Puntarenas	10.146515	-84.726849	14587
605	Osa	6	Puntarenas	8.892616	-83.414887	31383
606	Quepos	6	Puntarenas	9.413177	-84.064925	34020
607	Golfito	6	Puntarenas	8.427499	-83.059011	33687
608	Coto Brus	6	Puntarenas	8.893433	-82.914023	44280
609	Parrita	6	Puntarenas	9.548493	-84.358684	20984
610	Corredores	6	Puntarenas	8.537772	-82.946966	53484
611	Garabito	6	Puntarenas	9.707669	-84.622006	27404
612	Monteverde	6	Puntarenas	10.290785	-84.813264	4943
613	Puerto Jiménez	6	Puntarenas	8.533708	-83.458500	12836
701	Limón	7	Limón	9.776119	-83.127501	100236
702	Pococí	7	Limón	10.502939	-83.656536	154674
703	Siquirres	7	Limón	10.148838	-83.483358	65673
704	Talamanca	7	Limón	9.421263	-83.208174	44802
705	Matina	7	Limón	10.009099	-83.340054	47391
706	Guácimo	7	Limón	10.221553	-83.643414	57021
